State,FIPS,Adult obesity
AK,2016,0.3
AK,2016,0.329
AK,2020,0.257
AK,2020,0.268
AK,2050,0.315
AK,2050,0.324
AK,2070,0.318
AK,2070,0.316
AK,2090,0.291
AK,2090,0.285
AK,2100,0.296
AK,2100,0.284
AK,2110,0.26
AK,2110,0.269
AK,2122,0.275
AK,2122,0.275
AK,2130,0.292
AK,2130,0.28
AK,2150,0.301
AK,2150,0.315
AK,2164,0.315
AK,2164,0.326
AK,2170,0.298
AK,2170,0.298
AK,2180,0.356
AK,2180,0.341
AK,2185,0.356
AK,2185,0.342
AK,2188,0.297
AK,2188,0.297
AK,2198,0.337
AK,2198,0.355
AK,2220,0.282
AK,2220,0.288
AK,2230,0.302
AK,2230,0.309
AK,2240,0.317
AK,2240,0.325
AK,2261,0.283
AK,2261,0.297
AK,2270,0.276
AK,2270,0.346
AK,2275,0.309
AK,2275,0.301
AK,2290,0.29
AK,2290,0.263
AL,1001,0.305
AL,1001,0.313
AL,1003,0.266
AL,1003,0.25
AL,1005,0.373
AL,1005,0.384
AL,1007,0.343
AL,1007,0.373
AL,1009,0.304
AL,1009,0.309
AL,1011,0.421
AL,1011,0.432
AL,1013,0.383
AL,1013,0.384
AL,1015,0.332
AL,1015,0.315
AL,1017,0.354
AL,1017,0.397
AL,1019,0.314
AL,1019,0.303
AL,1021,0.383
AL,1021,0.37
AL,1023,0.389
AL,1023,0.402
AL,1025,0.36
AL,1025,0.352
AL,1027,0.353
AL,1027,0.374
AL,1029,0.313
AL,1029,0.304
AL,1031,0.299
AL,1031,0.285
AL,1033,0.322
AL,1033,0.339
AL,1035,0.363
AL,1035,0.391
AL,1037,0.343
AL,1037,0.372
AL,1039,0.338
AL,1039,0.323
AL,1041,0.357
AL,1041,0.371
AL,1043,0.324
AL,1043,0.344
AL,1045,0.353
AL,1045,0.344
AL,1047,0.414
AL,1047,0.417
AL,1049,0.324
AL,1049,0.321
AL,1051,0.306
AL,1051,0.301
AL,1053,0.369
AL,1053,0.383
AL,1055,0.318
AL,1055,0.338
AL,1057,0.364
AL,1057,0.363
AL,1059,0.343
AL,1059,0.335
AL,1061,0.34
AL,1061,0.345
AL,1063,0.479
AL,1063,0.481
AL,1065,0.416
AL,1065,0.362
AL,1067,0.346
AL,1067,0.341
AL,1069,0.349
AL,1069,0.329
AL,1071,0.3
AL,1071,0.29
AL,1073,0.322
AL,1073,0.329
AL,1075,0.313
AL,1075,0.328
AL,1077,0.322
AL,1077,0.312
AL,1079,0.377
AL,1079,0.386
AL,1081,0.32
AL,1081,0.3
AL,1083,0.338
AL,1083,0.334
AL,1085,0.438
AL,1085,0.437
AL,1087,0.392
AL,1087,0.417
AL,1089,0.3
AL,1089,0.306
AL,1091,0.416
AL,1091,0.423
AL,1093,0.33
AL,1093,0.341
AL,1095,0.315
AL,1095,0.339
AL,1097,0.339
AL,1097,0.359
AL,1099,0.359
AL,1099,0.363
AL,1101,0.353
AL,1101,0.346
AL,1103,0.285
AL,1103,0.302
AL,1105,0.389
AL,1105,0.387
AL,1107,0.385
AL,1107,0.401
AL,1109,0.36
AL,1109,0.353
AL,1111,0.342
AL,1111,0.341
AL,1113,0.365
AL,1113,0.342
AL,1117,0.296
AL,1117,0.315
AL,1115,0.329
AL,1115,0.317
AL,1119,0.401
AL,1119,0.404
AL,1121,0.384
AL,1121,0.38
AL,1123,0.351
AL,1123,0.356
AL,1125,0.332
AL,1125,0.329
AL,1127,0.36
AL,1127,0.334
AL,1129,0.359
AL,1129,0.361
AL,1131,0.416
AL,1131,0.428
AL,1133,0.357
AL,1133,0.334
AR,5001,0.354
AR,5001,0.351
AR,5003,0.38
AR,5003,0.361
AR,5005,0.285
AR,5005,0.293
AR,5007,0.276
AR,5007,0.272
AR,5009,0.273
AR,5009,0.263
AR,5011,0.34
AR,5011,0.347
AR,5013,0.342
AR,5013,0.352
AR,5015,0.287
AR,5015,0.335
AR,5017,0.368
AR,5017,0.385
AR,5019,0.326
AR,5019,0.325
AR,5021,0.32
AR,5021,0.317
AR,5023,0.288
AR,5023,0.28
AR,5025,0.349
AR,5025,0.354
AR,5027,0.335
AR,5027,0.37
AR,5029,0.357
AR,5029,0.397
AR,5031,0.341
AR,5031,0.34
AR,5033,0.359
AR,5033,0.377
AR,5035,0.381
AR,5035,0.382
AR,5037,0.365
AR,5037,0.375
AR,5039,0.33
AR,5039,0.325
AR,5041,0.369
AR,5041,0.365
AR,5043,0.323
AR,5043,0.319
AR,5045,0.294
AR,5045,0.3
AR,5047,0.336
AR,5047,0.352
AR,5049,0.311
AR,5049,0.319
AR,5051,0.283
AR,5051,0.309
AR,5053,0.361
AR,5053,0.358
AR,5055,0.378
AR,5055,0.339
AR,5057,0.363
AR,5057,0.391
AR,5059,0.334
AR,5059,0.326
AR,5061,0.357
AR,5061,0.369
AR,5063,0.298
AR,5063,0.309
AR,5065,0.303
AR,5065,0.33
AR,5067,0.371
AR,5067,0.411
AR,5069,0.4
AR,5069,0.386
AR,5071,0.349
AR,5071,0.324
AR,5073,0.309
AR,5073,0.325
AR,5075,0.38
AR,5075,0.334
AR,5077,0.346
AR,5077,0.354
AR,5079,0.329
AR,5079,0.338
AR,5081,0.329
AR,5081,0.312
AR,5083,0.332
AR,5083,0.347
AR,5085,0.312
AR,5085,0.335
AR,5087,0.328
AR,5087,0.333
AR,5089,0.326
AR,5089,0.309
AR,5091,0.336
AR,5091,0.327
AR,5093,0.391
AR,5093,0.387
AR,5095,0.351
AR,5095,0.358
AR,5097,0.296
AR,5097,0.306
AR,5099,0.344
AR,5099,0.329
AR,5101,0.363
AR,5101,0.36
AR,5103,0.398
AR,5103,0.378
AR,5105,0.338
AR,5105,0.331
AR,5107,0.38
AR,5107,0.4
AR,5109,0.336
AR,5109,0.351
AR,5111,0.357
AR,5111,0.357
AR,5113,0.331
AR,5113,0.325
AR,5115,0.352
AR,5115,0.348
AR,5117,0.328
AR,5117,0.345
AR,5119,0.331
AR,5119,0.329
AR,5121,0.342
AR,5121,0.352
AR,5125,0.315
AR,5125,0.315
AR,5127,0.294
AR,5127,0.311
AR,5129,0.302
AR,5129,0.312
AR,5131,0.298
AR,5131,0.31
AR,5133,0.379
AR,5133,0.387
AR,5135,0.303
AR,5135,0.302
AR,5123,0.386
AR,5123,0.395
AR,5137,0.342
AR,5137,0.348
AR,5139,0.309
AR,5139,0.363
AR,5141,0.332
AR,5141,0.344
AR,5143,0.286
AR,5143,0.292
AR,5145,0.334
AR,5145,0.339
AR,5147,0.356
AR,5147,0.367
AR,5149,0.325
AR,5149,0.343
AZ,4001,0.318
AZ,4001,0.319
AZ,4003,0.247
AZ,4003,0.236
AZ,4005,0.233
AZ,4005,0.24
AZ,4007,0.263
AZ,4007,0.271
AZ,4009,0.339
AZ,4009,0.35
AZ,4011,0.342
AZ,4011,0.354
AZ,4012,0.312
AZ,4012,0.32
AZ,4013,0.228
AZ,4013,0.226
AZ,4015,0.271
AZ,4015,0.266
AZ,4017,0.317
AZ,4017,0.312
AZ,4019,0.241
AZ,4019,0.221
AZ,4021,0.314
AZ,4021,0.302
AZ,4023,0.201
AZ,4023,0.205
AZ,4025,0.234
AZ,4025,0.259
AZ,4027,0.311
AZ,4027,0.312
CA,6001,0.207
CA,6001,0.205
CA,6005,0.23
CA,6005,0.248
CA,6007,0.243
CA,6007,0.244
CA,6009,0.258
CA,6009,0.243
CA,6011,0.226
CA,6011,0.223
CA,6013,0.237
CA,6013,0.224
CA,6015,0.255
CA,6015,0.255
CA,6017,0.203
CA,6017,0.21
CA,6019,0.294
CA,6019,0.285
CA,6021,0.268
CA,6021,0.259
CA,6023,0.265
CA,6023,0.257
CA,6025,0.235
CA,6025,0.221
CA,6027,0.238
CA,6027,0.228
CA,6029,0.278
CA,6029,0.28
CA,6031,0.242
CA,6031,0.237
CA,6033,0.267
CA,6033,0.265
CA,6035,0.256
CA,6035,0.241
CA,6037,0.213
CA,6037,0.213
CA,6039,0.297
CA,6039,0.276
CA,6041,0.154
CA,6041,0.158
CA,6043,0.238
CA,6043,0.241
CA,6045,0.248
CA,6045,0.242
CA,6047,0.313
CA,6047,0.311
CA,6049,0.251
CA,6049,0.241
CA,6051,0.208
CA,6051,0.216
CA,6053,0.228
CA,6053,0.22
CA,6055,0.236
CA,6055,0.241
CA,6057,0.185
CA,6057,0.178
CA,6059,0.204
CA,6059,0.207
CA,6061,0.228
CA,6061,0.225
CA,6063,0.23
CA,6063,0.248
CA,6065,0.27
CA,6065,0.259
CA,6067,0.277
CA,6067,0.269
CA,6069,0.243
CA,6069,0.233
CA,6071,0.282
CA,6071,0.277
CA,6073,0.231
CA,6073,0.226
CA,6075,0.16
CA,6075,0.152
CA,6077,0.31
CA,6077,0.304
CA,6079,0.2
CA,6079,0.204
CA,6081,0.2
CA,6081,0.208
CA,6083,0.192
CA,6083,0.194
CA,6085,0.21
CA,6085,0.204
CA,6087,0.201
CA,6087,0.215
CA,6089,0.28
CA,6089,0.273
CA,6091,0.234
CA,6091,0.233
CA,6093,0.233
CA,6093,0.217
CA,6095,0.271
CA,6095,0.265
CA,6097,0.225
CA,6097,0.224
CA,6099,0.308
CA,6099,0.321
CA,6101,0.259
CA,6101,0.276
CA,6103,0.26
CA,6103,0.271
CA,6105,0.251
CA,6105,0.25
CA,6107,0.295
CA,6107,0.283
CA,6109,0.227
CA,6109,0.227
CA,6111,0.219
CA,6111,0.213
CA,6113,0.229
CA,6113,0.211
CA,6115,0.305
CA,6115,0.276
CO,8001,0.25
CO,8001,0.249
CO,8003,0.205
CO,8003,0.213
CO,8005,0.207
CO,8005,0.212
CO,8007,0.17
CO,8007,0.166
CO,8009,0.218
CO,8009,0.206
CO,8011,0.24
CO,8011,0.243
CO,8013,0.149
CO,8013,0.15
CO,8014,0.202
CO,8014,0.202
CO,8015,0.162
CO,8015,0.18
CO,8017,0.233
CO,8017,0.253
CO,8019,0.166
CO,8019,0.173
CO,8021,0.177
CO,8021,0.192
CO,8023,0.205
CO,8023,0.215
CO,8025,0.243
CO,8025,0.241
CO,8027,0.212
CO,8027,0.205
CO,8029,0.215
CO,8029,0.221
CO,8031,0.182
CO,8031,0.17
CO,8033,0.208
CO,8033,0.2
CO,8035,0.162
CO,8035,0.163
CO,8037,0.132
CO,8037,0.12
CO,8041,0.214
CO,8041,0.218
CO,8039,0.202
CO,8039,0.201
CO,8043,0.224
CO,8043,0.221
CO,8045,0.174
CO,8045,0.198
CO,8047,0.197
CO,8047,0.193
CO,8049,0.18
CO,8049,0.187
CO,8051,0.159
CO,8051,0.16
CO,8055,0.209
CO,8055,0.197
CO,8059,0.196
CO,8059,0.198
CO,8061,0.239
CO,8063,0.272
CO,8063,0.261
CO,8067,0.167
CO,8067,0.172
CO,8065,0.192
CO,8065,0.193
CO,8069,0.193
CO,8069,0.199
CO,8071,0.243
CO,8071,0.231
CO,8073,0.231
CO,8073,0.243
CO,8075,0.237
CO,8075,0.239
CO,8077,0.223
CO,8077,0.232
CO,8081,0.241
CO,8081,0.272
CO,8083,0.218
CO,8083,0.208
CO,8085,0.201
CO,8085,0.219
CO,8087,0.288
CO,8087,0.298
CO,8089,0.255
CO,8089,0.274
CO,8091,0.175
CO,8091,0.185
CO,8093,0.184
CO,8093,0.203
CO,8095,0.226
CO,8095,0.22
CO,8097,0.142
CO,8097,0.133
CO,8099,0.255
CO,8099,0.263
CO,8101,0.266
CO,8101,0.265
CO,8103,0.211
CO,8103,0.222
CO,8105,0.227
CO,8105,0.235
CO,8107,0.134
CO,8107,0.147
CO,8109,0.23
CO,8109,0.222
CO,8113,0.169
CO,8113,0.164
CO,8115,0.241
CO,8115,0.242
CO,8117,0.145
CO,8117,0.132
CO,8119,0.178
CO,8119,0.167
CO,8121,0.232
CO,8121,0.24
CO,8123,0.256
CO,8123,0.253
CO,8125,0.251
CO,8125,0.242
CT,9001,0.186
CT,9001,0.196
CT,9003,0.246
CT,9003,0.261
CT,9005,0.219
CT,9005,0.235
CT,9007,0.239
CT,9007,0.235
CT,9009,0.274
CT,9009,0.269
CT,9011,0.25
CT,9011,0.263
CT,9013,0.234
CT,9013,0.24
CT,9015,0.3
CT,9015,0.303
DC,11001,0.215
DE,10001,0.338
DE,10001,0.327
DE,10003,0.267
DE,10003,0.259
DE,10005,0.299
DE,10005,0.307
FL,12001,0.252
FL,12001,0.246
FL,12003,0.367
FL,12003,0.371
FL,12005,0.285
FL,12005,0.287
FL,12007,0.357
FL,12007,0.359
FL,12009,0.284
FL,12009,0.289
FL,12011,0.241
FL,12011,0.247
FL,12013,0.361
FL,12013,0.37
FL,12015,0.257
FL,12015,0.248
FL,12017,0.293
FL,12017,0.27
FL,12019,0.282
FL,12019,0.288
FL,12021,0.209
FL,12021,0.199
FL,12023,0.349
FL,12023,0.358
FL,12027,0.344
FL,12027,0.347
FL,12029,0.357
FL,12029,0.357
FL,12031,0.284
FL,12031,0.294
FL,12033,0.3
FL,12033,0.296
FL,12035,0.284
FL,12035,0.27
FL,12037,0.261
FL,12037,0.253
FL,12039,0.371
FL,12039,0.384
FL,12041,0.321
FL,12041,0.313
FL,12043,0.355
FL,12043,0.356
FL,12045,0.311
FL,12045,0.316
FL,12047,0.373
FL,12047,0.386
FL,12049,0.369
FL,12049,0.368
FL,12051,0.344
FL,12051,0.343
FL,12053,0.287
FL,12053,0.294
FL,12055,0.302
FL,12055,0.303
FL,12057,0.268
FL,12057,0.261
FL,12059,0.306
FL,12059,0.315
FL,12061,0.218
FL,12061,0.229
FL,12063,0.339
FL,12063,0.34
FL,12065,0.351
FL,12065,0.356
FL,12067,0.347
FL,12067,0.362
FL,12069,0.291
FL,12069,0.305
FL,12071,0.259
FL,12071,0.259
FL,12073,0.282
FL,12073,0.267
FL,12075,0.337
FL,12075,0.32
FL,12077,0.357
FL,12077,0.369
FL,12079,0.363
FL,12079,0.357
FL,12081,0.251
FL,12081,0.25
FL,12083,0.316
FL,12083,0.31
FL,12085,0.201
FL,12085,0.209
FL,12086,0.218
FL,12086,0.21
FL,12087,0.189
FL,12087,0.197
FL,12089,0.278
FL,12089,0.268
FL,12091,0.285
FL,12091,0.288
FL,12093,0.317
FL,12093,0.337
FL,12095,0.257
FL,12095,0.252
FL,12097,0.29
FL,12097,0.292
FL,12099,0.224
FL,12099,0.224
FL,12101,0.285
FL,12101,0.286
FL,12103,0.238
FL,12103,0.24
FL,12105,0.321
FL,12105,0.307
FL,12107,0.338
FL,12107,0.331
FL,12113,0.28
FL,12113,0.282
FL,12115,0.202
FL,12115,0.206
FL,12117,0.249
FL,12117,0.253
FL,12109,0.226
FL,12109,0.23
FL,12111,0.287
FL,12111,0.298
FL,12119,0.281
FL,12119,0.289
FL,12121,0.31
FL,12121,0.316
FL,12123,0.359
FL,12123,0.365
FL,12125,0.38
FL,12125,0.379
FL,12127,0.258
FL,12127,0.273
FL,12129,0.362
FL,12129,0.371
FL,12131,0.267
FL,12131,0.272
FL,12133,0.364
FL,12133,0.373
GA,13001,0.343
GA,13001,0.347
GA,13003,0.308
GA,13003,0.342
GA,13005,0.308
GA,13005,0.318
GA,13007,0.326
GA,13007,0.319
GA,13009,0.32
GA,13009,0.318
GA,13011,0.282
GA,13011,0.281
GA,13013,0.322
GA,13013,0.329
GA,13015,0.294
GA,13015,0.316
GA,13017,0.334
GA,13017,0.35
GA,13019,0.301
GA,13019,0.324
GA,13021,0.303
GA,13021,0.286
GA,13023,0.301
GA,13023,0.315
GA,13025,0.31
GA,13025,0.318
GA,13027,0.333
GA,13027,0.351
GA,13029,0.283
GA,13029,0.27
GA,13031,0.33
GA,13031,0.325
GA,13033,0.359
GA,13033,0.326
GA,13035,0.336
GA,13035,0.325
GA,13037,0.317
GA,13037,0.331
GA,13039,0.286
GA,13039,0.315
GA,13043,0.32
GA,13043,0.326
GA,13045,0.314
GA,13045,0.306
GA,13047,0.31
GA,13047,0.302
GA,13049,0.315
GA,13049,0.322
GA,13051,0.268
GA,13051,0.279
GA,13053,0.305
GA,13053,0.307
GA,13055,0.328
GA,13055,0.346
GA,13057,0.279
GA,13057,0.262
GA,13059,0.267
GA,13059,0.265
GA,13061,0.336
GA,13061,0.327
GA,13063,0.361
GA,13063,0.375
GA,13065,0.327
GA,13065,0.323
GA,13067,0.234
GA,13067,0.223
GA,13069,0.305
GA,13069,0.322
GA,13071,0.326
GA,13071,0.321
GA,13073,0.264
GA,13073,0.262
GA,13075,0.317
GA,13075,0.293
GA,13077,0.296
GA,13077,0.28
GA,13079,0.307
GA,13079,0.31
GA,13081,0.338
GA,13081,0.331
GA,13083,0.309
GA,13083,0.31
GA,13085,0.275
GA,13085,0.283
GA,13089,0.255
GA,13089,0.264
GA,13087,0.317
GA,13087,0.331
GA,13091,0.358
GA,13091,0.323
GA,13093,0.317
GA,13093,0.334
GA,13095,0.381
GA,13095,0.368
GA,13097,0.346
GA,13097,0.333
GA,13099,0.305
GA,13099,0.298
GA,13101,0.283
GA,13101,0.29
GA,13103,0.31
GA,13103,0.33
GA,13105,0.355
GA,13105,0.338
GA,13107,0.3
GA,13107,0.318
GA,13109,0.348
GA,13109,0.354
GA,13111,0.29
GA,13111,0.279
GA,13113,0.25
GA,13113,0.271
GA,13115,0.274
GA,13115,0.28
GA,13117,0.219
GA,13117,0.249
GA,13119,0.265
GA,13119,0.261
GA,13121,0.229
GA,13121,0.218
GA,13123,0.291
GA,13123,0.289
GA,13125,0.286
GA,13125,0.301
GA,13127,0.282
GA,13127,0.278
GA,13129,0.285
GA,13129,0.285
GA,13131,0.323
GA,13131,0.327
GA,13133,0.319
GA,13133,0.299
GA,13135,0.253
GA,13135,0.271
GA,13137,0.276
GA,13137,0.289
GA,13139,0.29
GA,13139,0.261
GA,13141,0.387
GA,13141,0.37
GA,13143,0.316
GA,13143,0.291
GA,13145,0.282
GA,13145,0.287
GA,13147,0.284
GA,13147,0.301
GA,13149,0.289
GA,13149,0.293
GA,13151,0.285
GA,13151,0.303
GA,13153,0.299
GA,13153,0.324
GA,13155,0.31
GA,13155,0.309
GA,13157,0.264
GA,13157,0.285
GA,13159,0.298
GA,13159,0.294
GA,13161,0.285
GA,13161,0.284
GA,13163,0.378
GA,13163,0.381
GA,13165,0.319
GA,13165,0.317
GA,13167,0.325
GA,13167,0.317
GA,13169,0.31
GA,13169,0.317
GA,13171,0.332
GA,13171,0.343
GA,13173,0.292
GA,13173,0.318
GA,13175,0.352
GA,13175,0.349
GA,13177,0.308
GA,13177,0.318
GA,13179,0.331
GA,13179,0.32
GA,13181,0.354
GA,13181,0.334
GA,13183,0.305
GA,13183,0.293
GA,13185,0.313
GA,13185,0.293
GA,13187,0.288
GA,13187,0.293
GA,13193,0.342
GA,13193,0.338
GA,13195,0.317
GA,13195,0.309
GA,13197,0.319
GA,13197,0.327
GA,13189,0.325
GA,13189,0.348
GA,13191,0.315
GA,13191,0.311
GA,13199,0.323
GA,13199,0.328
GA,13201,0.316
GA,13201,0.316
GA,13205,0.313
GA,13205,0.317
GA,13207,0.326
GA,13207,0.343
GA,13209,0.327
GA,13209,0.362
GA,13211,0.315
GA,13211,0.31
GA,13213,0.277
GA,13213,0.282
GA,13215,0.358
GA,13215,0.362
GA,13217,0.317
GA,13217,0.335
GA,13219,0.267
GA,13219,0.291
GA,13221,0.289
GA,13221,0.294
GA,13223,0.256
GA,13223,0.268
GA,13225,0.337
GA,13225,0.348
GA,13227,0.259
GA,13227,0.271
GA,13229,0.306
GA,13229,0.308
GA,13231,0.313
GA,13231,0.307
GA,13233,0.264
GA,13233,0.283
GA,13235,0.307
GA,13235,0.319
GA,13237,0.323
GA,13237,0.317
GA,13239,0.312
GA,13239,0.312
GA,13241,0.292
GA,13241,0.305
GA,13243,0.365
GA,13243,0.365
GA,13245,0.33
GA,13245,0.332
GA,13247,0.331
GA,13247,0.327
GA,13249,0.29
GA,13249,0.296
GA,13251,0.338
GA,13251,0.341
GA,13253,0.322
GA,13253,0.296
GA,13255,0.34
GA,13255,0.355
GA,13257,0.317
GA,13257,0.302
GA,13259,0.346
GA,13259,0.328
GA,13261,0.372
GA,13261,0.35
GA,13263,0.348
GA,13263,0.338
GA,13265,0.352
GA,13265,0.35
GA,13267,0.315
GA,13267,0.352
GA,13269,0.33
GA,13269,0.326
GA,13271,0.306
GA,13271,0.3
GA,13273,0.386
GA,13273,0.354
GA,13275,0.326
GA,13275,0.31
GA,13277,0.32
GA,13277,0.323
GA,13279,0.336
GA,13279,0.332
GA,13281,0.274
GA,13281,0.27
GA,13283,0.348
GA,13283,0.342
GA,13285,0.309
GA,13285,0.299
GA,13287,0.326
GA,13287,0.343
GA,13289,0.32
GA,13289,0.314
GA,13291,0.266
GA,13291,0.252
GA,13293,0.344
GA,13293,0.324
GA,13295,0.32
GA,13295,0.334
GA,13297,0.283
GA,13297,0.3
GA,13299,0.341
GA,13299,0.343
GA,13301,0.372
GA,13301,0.352
GA,13303,0.347
GA,13303,0.353
GA,13305,0.334
GA,13305,0.324
GA,13307,0.311
GA,13307,0.315
GA,13309,0.316
GA,13309,0.327
GA,13311,0.286
GA,13311,0.275
GA,13313,0.284
GA,13313,0.288
GA,13315,0.31
GA,13315,0.329
GA,13317,0.327
GA,13317,0.337
GA,13319,0.321
GA,13319,0.34
GA,13321,0.316
GA,13321,0.342
HI,15001,0.241
HI,15001,0.245
HI,15003,0.218
HI,15003,0.221
HI,15007,0.217
HI,15007,0.214
HI,15009,0.233
HI,15009,0.227
IA,19001,0.318
IA,19001,0.323
IA,19003,0.338
IA,19003,0.325
IA,19005,0.28
IA,19005,0.295
IA,19007,0.3
IA,19007,0.295
IA,19009,0.341
IA,19009,0.326
IA,19011,0.297
IA,19011,0.3
IA,19013,0.285
IA,19013,0.286
IA,19015,0.32
IA,19015,0.303
IA,19017,0.281
IA,19017,0.304
IA,19019,0.3
IA,19019,0.312
IA,19021,0.274
IA,19021,0.299
IA,19023,0.272
IA,19023,0.279
IA,19025,0.304
IA,19025,0.305
IA,19027,0.317
IA,19027,0.3
IA,19029,0.354
IA,19029,0.319
IA,19031,0.354
IA,19031,0.32
IA,19033,0.294
IA,19033,0.297
IA,19035,0.277
IA,19035,0.334
IA,19037,0.306
IA,19037,0.303
IA,19039,0.313
IA,19039,0.287
IA,19041,0.296
IA,19041,0.285
IA,19043,0.308
IA,19043,0.31
IA,19045,0.3
IA,19045,0.302
IA,19047,0.288
IA,19047,0.301
IA,19049,0.294
IA,19049,0.306
IA,19051,0.32
IA,19051,0.308
IA,19053,0.309
IA,19053,0.301
IA,19055,0.345
IA,19055,0.373
IA,19057,0.323
IA,19057,0.323
IA,19059,0.285
IA,19059,0.31
IA,19061,0.272
IA,19061,0.286
IA,19063,0.321
IA,19063,0.323
IA,19065,0.349
IA,19065,0.401
IA,19067,0.31
IA,19067,0.331
IA,19069,0.31
IA,19069,0.314
IA,19071,0.333
IA,19071,0.332
IA,19073,0.295
IA,19073,0.291
IA,19075,0.317
IA,19075,0.306
IA,19077,0.328
IA,19077,0.352
IA,19079,0.317
IA,19079,0.282
IA,19081,0.261
IA,19081,0.312
IA,19083,0.338
IA,19083,0.344
IA,19085,0.316
IA,19085,0.296
IA,19087,0.31
IA,19087,0.337
IA,19089,0.298
IA,19089,0.313
IA,19091,0.336
IA,19091,0.345
IA,19093,0.309
IA,19093,0.304
IA,19095,0.291
IA,19095,0.308
IA,19097,0.307
IA,19097,0.311
IA,19099,0.351
IA,19099,0.339
IA,19101,0.302
IA,19101,0.278
IA,19103,0.24
IA,19103,0.235
IA,19105,0.285
IA,19105,0.306
IA,19107,0.336
IA,19107,0.313
IA,19109,0.311
IA,19109,0.315
IA,19111,0.353
IA,19111,0.361
IA,19113,0.279
IA,19113,0.279
IA,19115,0.326
IA,19115,0.321
IA,19117,0.319
IA,19117,0.305
IA,19119,0.3
IA,19119,0.318
IA,19121,0.308
IA,19121,0.331
IA,19123,0.272
IA,19123,0.287
IA,19125,0.298
IA,19125,0.3
IA,19127,0.32
IA,19127,0.324
IA,19129,0.283
IA,19129,0.29
IA,19131,0.274
IA,19131,0.281
IA,19133,0.274
IA,19133,0.293
IA,19135,0.338
IA,19135,0.342
IA,19137,0.322
IA,19137,0.324
IA,19139,0.34
IA,19139,0.36
IA,19141,0.305
IA,19141,0.287
IA,19143,0.298
IA,19143,0.29
IA,19145,0.322
IA,19145,0.33
IA,19147,0.283
IA,19147,0.293
IA,19149,0.334
IA,19149,0.318
IA,19151,0.301
IA,19151,0.31
IA,19153,0.282
IA,19153,0.282
IA,19155,0.336
IA,19155,0.35
IA,19157,0.294
IA,19157,0.294
IA,19159,0.3
IA,19159,0.318
IA,19161,0.292
IA,19161,0.29
IA,19163,0.285
IA,19163,0.31
IA,19165,0.319
IA,19165,0.299
IA,19167,0.274
IA,19167,0.267
IA,19169,0.251
IA,19169,0.254
IA,19171,0.289
IA,19171,0.319
IA,19173,0.312
IA,19173,0.304
IA,19175,0.331
IA,19175,0.346
IA,19177,0.302
IA,19177,0.306
IA,19179,0.304
IA,19179,0.312
IA,19181,0.31
IA,19181,0.287
IA,19183,0.304
IA,19183,0.3
IA,19185,0.314
IA,19185,0.321
IA,19187,0.287
IA,19187,0.278
IA,19189,0.287
IA,19189,0.325
IA,19191,0.261
IA,19191,0.252
IA,19193,0.31
IA,19193,0.316
IA,19195,0.297
IA,19195,0.303
IA,19197,0.293
IA,19197,0.333
ID,16001,0.235
ID,16001,0.244
ID,16003,0.273
ID,16003,0.285
ID,16005,0.292
ID,16005,0.29
ID,16007,0.266
ID,16007,0.285
ID,16009,0.266
ID,16009,0.273
ID,16011,0.337
ID,16011,0.347
ID,16013,0.184
ID,16013,0.187
ID,16015,0.258
ID,16015,0.244
ID,16017,0.237
ID,16017,0.24
ID,16019,0.284
ID,16019,0.295
ID,16021,0.256
ID,16021,0.251
ID,16023,0.3
ID,16023,0.318
ID,16027,0.3
ID,16027,0.307
ID,16029,0.247
ID,16029,0.268
ID,16031,0.308
ID,16031,0.299
ID,16035,0.316
ID,16035,0.337
ID,16037,0.269
ID,16037,0.268
ID,16039,0.295
ID,16039,0.294
ID,16041,0.282
ID,16041,0.28
ID,16043,0.237
ID,16043,0.266
ID,16045,0.298
ID,16045,0.291
ID,16047,0.308
ID,16047,0.319
ID,16049,0.281
ID,16049,0.273
ID,16051,0.275
ID,16051,0.279
ID,16053,0.323
ID,16053,0.319
ID,16055,0.241
ID,16055,0.246
ID,16057,0.248
ID,16057,0.266
ID,16059,0.217
ID,16059,0.233
ID,16061,0.293
ID,16061,0.299
ID,16063,0.257
ID,16063,0.292
ID,16065,0.26
ID,16065,0.259
ID,16067,0.301
ID,16067,0.317
ID,16069,0.322
ID,16069,0.323
ID,16071,0.317
ID,16071,0.337
ID,16073,0.301
ID,16073,0.314
ID,16075,0.275
ID,16075,0.29
ID,16077,0.299
ID,16077,0.31
ID,16079,0.304
ID,16079,0.301
ID,16081,0.255
ID,16081,0.253
ID,16083,0.253
ID,16083,0.26
ID,16085,0.258
ID,16085,0.233
ID,16087,0.289
ID,16087,0.299
IL,17001,0.303
IL,17001,0.351
IL,17003,0.327
IL,17003,0.329
IL,17005,0.289
IL,17005,0.279
IL,17007,0.306
IL,17007,0.306
IL,17009,0.3
IL,17009,0.305
IL,17011,0.31
IL,17011,0.308
IL,17013,0.295
IL,17013,0.304
IL,17015,0.305
IL,17015,0.307
IL,17017,0.303
IL,17017,0.285
IL,17019,0.274
IL,17019,0.27
IL,17021,0.322
IL,17021,0.327
IL,17023,0.311
IL,17023,0.321
IL,17025,0.296
IL,17025,0.314
IL,17027,0.28
IL,17027,0.278
IL,17029,0.294
IL,17029,0.282
IL,17031,0.262
IL,17031,0.252
IL,17033,0.326
IL,17033,0.328
IL,17035,0.287
IL,17035,0.295
IL,17039,0.303
IL,17039,0.334
IL,17037,0.301
IL,17037,0.289
IL,17041,0.302
IL,17041,0.304
IL,17043,0.248
IL,17043,0.243
IL,17045,0.325
IL,17045,0.327
IL,17047,0.273
IL,17047,0.3
IL,17049,0.271
IL,17049,0.29
IL,17051,0.322
IL,17051,0.37
IL,17053,0.307
IL,17053,0.31
IL,17055,0.297
IL,17055,0.306
IL,17057,0.303
IL,17057,0.329
IL,17059,0.299
IL,17059,0.306
IL,17061,0.304
IL,17061,0.278
IL,17063,0.342
IL,17063,0.315
IL,17065,0.291
IL,17065,0.289
IL,17067,0.281
IL,17067,0.301
IL,17069,0.311
IL,17069,0.335
IL,17071,0.311
IL,17071,0.329
IL,17073,0.285
IL,17073,0.296
IL,17075,0.324
IL,17075,0.32
IL,17077,0.279
IL,17077,0.316
IL,17079,0.3
IL,17079,0.311
IL,17081,0.33
IL,17081,0.351
IL,17083,0.284
IL,17083,0.321
IL,17085,0.268
IL,17085,0.287
IL,17087,0.289
IL,17087,0.294
IL,17089,0.269
IL,17089,0.272
IL,17091,0.328
IL,17091,0.309
IL,17093,0.281
IL,17093,0.312
IL,17095,0.324
IL,17095,0.289
IL,17099,0.294
IL,17099,0.298
IL,17097,0.252
IL,17097,0.256
IL,17101,0.309
IL,17101,0.321
IL,17103,0.265
IL,17103,0.294
IL,17105,0.308
IL,17105,0.317
IL,17107,0.325
IL,17107,0.315
IL,17115,0.321
IL,17115,0.33
IL,17117,0.299
IL,17117,0.33
IL,17119,0.32
IL,17119,0.316
IL,17121,0.327
IL,17121,0.359
IL,17123,0.298
IL,17123,0.308
IL,17125,0.316
IL,17125,0.315
IL,17127,0.338
IL,17127,0.345
IL,17109,0.294
IL,17109,0.285
IL,17111,0.268
IL,17111,0.277
IL,17113,0.316
IL,17113,0.308
IL,17129,0.289
IL,17129,0.312
IL,17131,0.324
IL,17131,0.299
IL,17133,0.293
IL,17133,0.316
IL,17135,0.249
IL,17135,0.27
IL,17137,0.299
IL,17137,0.311
IL,17139,0.297
IL,17139,0.311
IL,17141,0.276
IL,17141,0.294
IL,17143,0.27
IL,17143,0.283
IL,17145,0.284
IL,17145,0.286
IL,17147,0.301
IL,17147,0.315
IL,17149,0.29
IL,17149,0.312
IL,17151,0.307
IL,17151,0.304
IL,17153,0.333
IL,17153,0.33
IL,17155,0.288
IL,17155,0.301
IL,17157,0.311
IL,17157,0.318
IL,17159,0.301
IL,17159,0.296
IL,17161,0.273
IL,17161,0.274
IL,17165,0.304
IL,17165,0.316
IL,17167,0.306
IL,17167,0.296
IL,17169,0.291
IL,17169,0.3
IL,17171,0.292
IL,17171,0.299
IL,17173,0.298
IL,17173,0.318
IL,17163,0.297
IL,17163,0.314
IL,17175,0.318
IL,17175,0.318
IL,17177,0.277
IL,17177,0.266
IL,17179,0.268
IL,17179,0.28
IL,17181,0.31
IL,17181,0.331
IL,17183,0.296
IL,17183,0.343
IL,17185,0.299
IL,17185,0.313
IL,17187,0.304
IL,17187,0.316
IL,17189,0.32
IL,17189,0.318
IL,17191,0.29
IL,17191,0.292
IL,17193,0.306
IL,17193,0.317
IL,17195,0.282
IL,17195,0.266
IL,17197,0.33
IL,17197,0.29
IL,17199,0.302
IL,17199,0.345
IL,17201,0.291
IL,17201,0.294
IL,17203,0.303
IL,17203,0.3
IN,18001,0.304
IN,18001,0.287
IN,18003,0.322
IN,18003,0.326
IN,18005,0.32
IN,18005,0.339
IN,18007,0.328
IN,18007,0.336
IN,18009,0.335
IN,18009,0.365
IN,18011,0.278
IN,18011,0.272
IN,18013,0.294
IN,18013,0.319
IN,18015,0.336
IN,18015,0.306
IN,18017,0.345
IN,18017,0.347
IN,18019,0.318
IN,18019,0.297
IN,18021,0.378
IN,18021,0.363
IN,18023,0.294
IN,18023,0.294
IN,18025,0.384
IN,18025,0.374
IN,18027,0.314
IN,18027,0.321
IN,18033,0.29
IN,18033,0.27
IN,18029,0.339
IN,18029,0.317
IN,18031,0.286
IN,18031,0.296
IN,18035,0.332
IN,18035,0.334
IN,18037,0.341
IN,18037,0.299
IN,18039,0.295
IN,18039,0.299
IN,18041,0.344
IN,18041,0.31
IN,18043,0.295
IN,18043,0.307
IN,18045,0.306
IN,18045,0.306
IN,18047,0.286
IN,18047,0.275
IN,18049,0.316
IN,18049,0.354
IN,18051,0.292
IN,18051,0.31
IN,18053,0.317
IN,18053,0.331
IN,18055,0.331
IN,18055,0.341
IN,18057,0.22
IN,18057,0.229
IN,18059,0.288
IN,18059,0.296
IN,18061,0.31
IN,18061,0.34
IN,18063,0.318
IN,18063,0.321
IN,18065,0.297
IN,18065,0.305
IN,18067,0.378
IN,18067,0.355
IN,18069,0.348
IN,18069,0.327
IN,18071,0.316
IN,18071,0.377
IN,18073,0.335
IN,18073,0.325
IN,18075,0.346
IN,18075,0.347
IN,18077,0.318
IN,18077,0.337
IN,18079,0.284
IN,18079,0.319
IN,18081,0.291
IN,18081,0.307
IN,18083,0.331
IN,18083,0.343
IN,18085,0.308
IN,18085,0.313
IN,18091,0.318
IN,18091,0.339
IN,18087,0.327
IN,18087,0.338
IN,18089,0.359
IN,18089,0.354
IN,18093,0.293
IN,18093,0.344
IN,18095,0.373
IN,18095,0.352
IN,18097,0.319
IN,18097,0.313
IN,18099,0.314
IN,18099,0.322
IN,18101,0.291
IN,18101,0.306
IN,18103,0.33
IN,18103,0.334
IN,18105,0.253
IN,18105,0.228
IN,18107,0.312
IN,18107,0.346
IN,18109,0.332
IN,18109,0.336
IN,18111,0.341
IN,18111,0.357
IN,18113,0.339
IN,18113,0.346
IN,18115,0.308
IN,18115,0.309
IN,18117,0.312
IN,18117,0.317
IN,18119,0.368
IN,18119,0.345
IN,18121,0.293
IN,18121,0.286
IN,18123,0.321
IN,18123,0.308
IN,18125,0.315
IN,18125,0.344
IN,18127,0.293
IN,18127,0.308
IN,18129,0.316
IN,18129,0.313
IN,18131,0.345
IN,18131,0.347
IN,18133,0.323
IN,18133,0.306
IN,18135,0.348
IN,18135,0.328
IN,18137,0.318
IN,18137,0.311
IN,18139,0.324
IN,18139,0.309
IN,18143,0.285
IN,18143,0.295
IN,18145,0.338
IN,18145,0.308
IN,18147,0.304
IN,18147,0.303
IN,18141,0.287
IN,18141,0.286
IN,18149,0.35
IN,18149,0.347
IN,18151,0.327
IN,18151,0.332
IN,18153,0.315
IN,18153,0.308
IN,18155,0.279
IN,18155,0.315
IN,18157,0.271
IN,18157,0.255
IN,18159,0.321
IN,18159,0.332
IN,18161,0.332
IN,18161,0.334
IN,18163,0.324
IN,18163,0.332
IN,18165,0.283
IN,18165,0.312
IN,18167,0.32
IN,18167,0.315
IN,18169,0.368
IN,18169,0.33
IN,18171,0.285
IN,18171,0.291
IN,18173,0.324
IN,18173,0.297
IN,18175,0.305
IN,18175,0.288
IN,18177,0.282
IN,18177,0.276
IN,18179,0.286
IN,18179,0.292
IN,18181,0.346
IN,18181,0.32
IN,18183,0.337
IN,18183,0.326
KS,20001,0.34
KS,20001,0.344
KS,20003,0.316
KS,20003,0.311
KS,20005,0.32
KS,20005,0.304
KS,20007,0.349
KS,20007,0.342
KS,20009,0.344
KS,20009,0.359
KS,20011,0.378
KS,20011,0.382
KS,20013,0.343
KS,20013,0.315
KS,20015,0.333
KS,20015,0.319
KS,20017,0.322
KS,20017,0.309
KS,20019,0.306
KS,20019,0.317
KS,20021,0.372
KS,20021,0.391
KS,20023,0.321
KS,20023,0.318
KS,20025,0.319
KS,20025,0.314
KS,20027,0.317
KS,20027,0.343
KS,20029,0.327
KS,20029,0.335
KS,20031,0.352
KS,20031,0.326
KS,20033,0.342
KS,20035,0.342
KS,20035,0.369
KS,20037,0.357
KS,20037,0.364
KS,20039,0.325
KS,20039,0.346
KS,20041,0.337
KS,20041,0.326
KS,20043,0.346
KS,20043,0.348
KS,20045,0.251
KS,20045,0.245
KS,20047,0.348
KS,20047,0.325
KS,20049,0.338
KS,20049,0.348
KS,20051,0.294
KS,20051,0.301
KS,20053,0.34
KS,20053,0.336
KS,20055,0.332
KS,20055,0.324
KS,20057,0.343
KS,20057,0.333
KS,20059,0.333
KS,20059,0.336
KS,20061,0.3
KS,20061,0.326
KS,20063,0.295
KS,20063,0.323
KS,20065,0.317
KS,20065,0.319
KS,20067,0.335
KS,20067,0.34
KS,20069,0.29
KS,20069,0.291
KS,20073,0.335
KS,20073,0.34
KS,20075,0.34
KS,20075,0.328
KS,20077,0.288
KS,20077,0.321
KS,20079,0.325
KS,20079,0.338
KS,20081,0.333
KS,20081,0.33
KS,20085,0.357
KS,20085,0.368
KS,20087,0.339
KS,20087,0.33
KS,20089,0.338
KS,20089,0.317
KS,20091,0.232
KS,20091,0.23
KS,20093,0.326
KS,20093,0.313
KS,20095,0.309
KS,20095,0.306
KS,20097,0.311
KS,20099,0.341
KS,20099,0.344
KS,20101,0.351
KS,20103,0.315
KS,20103,0.311
KS,20105,0.291
KS,20105,0.309
KS,20107,0.337
KS,20107,0.35
KS,20109,0.321
KS,20109,0.319
KS,20111,0.323
KS,20111,0.324
KS,20115,0.311
KS,20115,0.321
KS,20117,0.33
KS,20117,0.339
KS,20113,0.303
KS,20113,0.307
KS,20119,0.313
KS,20119,0.29
KS,20121,0.307
KS,20121,0.35
KS,20123,0.289
KS,20123,0.29
KS,20125,0.338
KS,20125,0.351
KS,20127,0.33
KS,20127,0.329
KS,20129,0.336
KS,20129,0.329
KS,20131,0.293
KS,20131,0.322
KS,20133,0.342
KS,20133,0.325
KS,20135,0.287
KS,20135,0.303
KS,20137,0.339
KS,20137,0.354
KS,20139,0.36
KS,20139,0.387
KS,20141,0.336
KS,20141,0.328
KS,20143,0.327
KS,20143,0.326
KS,20145,0.346
KS,20145,0.327
KS,20147,0.315
KS,20147,0.328
KS,20149,0.319
KS,20149,0.32
KS,20151,0.311
KS,20151,0.312
KS,20153,0.352
KS,20153,0.358
KS,20155,0.322
KS,20155,0.334
KS,20157,0.295
KS,20157,0.288
KS,20159,0.356
KS,20159,0.309
KS,20161,0.265
KS,20161,0.267
KS,20163,0.305
KS,20163,0.303
KS,20165,0.28
KS,20165,0.312
KS,20167,0.313
KS,20167,0.315
KS,20169,0.319
KS,20169,0.317
KS,20171,0.295
KS,20171,0.309
KS,20173,0.3
KS,20173,0.294
KS,20175,0.344
KS,20175,0.328
KS,20177,0.326
KS,20177,0.325
KS,20179,0.311
KS,20179,0.312
KS,20181,0.324
KS,20181,0.323
KS,20183,0.308
KS,20183,0.319
KS,20185,0.34
KS,20185,0.341
KS,20189,0.337
KS,20189,0.34
KS,20191,0.367
KS,20191,0.361
KS,20193,0.295
KS,20193,0.309
KS,20195,0.331
KS,20195,0.32
KS,20197,0.343
KS,20197,0.318
KS,20201,0.341
KS,20201,0.334
KS,20203,0.337
KS,20203,0.327
KS,20205,0.34
KS,20205,0.349
KS,20207,0.293
KS,20207,0.283
KS,20209,0.393
KS,20209,0.386
KY,21001,0.339
KY,21001,0.334
KY,21003,0.338
KY,21003,0.319
KY,21005,0.34
KY,21005,0.333
KY,21007,0.343
KY,21007,0.339
KY,21009,0.314
KY,21009,0.308
KY,21011,0.344
KY,21011,0.318
KY,21013,0.321
KY,21013,0.327
KY,21015,0.298
KY,21015,0.302
KY,21017,0.332
KY,21017,0.324
KY,21019,0.339
KY,21019,0.354
KY,21021,0.306
KY,21021,0.296
KY,21023,0.336
KY,21023,0.303
KY,21025,0.4
KY,21025,0.411
KY,21027,0.338
KY,21027,0.366
KY,21029,0.342
KY,21029,0.315
KY,21031,0.348
KY,21031,0.331
KY,21033,0.326
KY,21033,0.294
KY,21035,0.286
KY,21035,0.279
KY,21037,0.305
KY,21037,0.328
KY,21039,0.303
KY,21039,0.318
KY,21041,0.336
KY,21041,0.332
KY,21043,0.32
KY,21043,0.34
KY,21045,0.354
KY,21045,0.355
KY,21047,0.32
KY,21047,0.337
KY,21049,0.317
KY,21049,0.306
KY,21051,0.315
KY,21051,0.305
KY,21053,0.322
KY,21053,0.318
KY,21055,0.32
KY,21055,0.325
KY,21057,0.342
KY,21057,0.355
KY,21059,0.3
KY,21059,0.292
KY,21061,0.355
KY,21061,0.365
KY,21063,0.36
KY,21063,0.347
KY,21065,0.323
KY,21065,0.313
KY,21067,0.289
KY,21067,0.27
KY,21069,0.357
KY,21069,0.347
KY,21071,0.386
KY,21071,0.393
KY,21073,0.319
KY,21073,0.321
KY,21075,0.358
KY,21075,0.346
KY,21077,0.315
KY,21077,0.297
KY,21079,0.374
KY,21079,0.364
KY,21081,0.35
KY,21081,0.356
KY,21083,0.314
KY,21083,0.298
KY,21085,0.353
KY,21085,0.341
KY,21087,0.3
KY,21087,0.322
KY,21089,0.367
KY,21089,0.379
KY,21091,0.36
KY,21091,0.339
KY,21093,0.301
KY,21093,0.309
KY,21095,0.344
KY,21095,0.341
KY,21097,0.294
KY,21097,0.279
KY,21099,0.333
KY,21099,0.327
KY,21101,0.327
KY,21101,0.327
KY,21103,0.353
KY,21103,0.33
KY,21105,0.329
KY,21105,0.343
KY,21107,0.342
KY,21107,0.369
KY,21109,0.375
KY,21109,0.389
KY,21111,0.332
KY,21111,0.32
KY,21113,0.325
KY,21113,0.314
KY,21115,0.402
KY,21115,0.394
KY,21117,0.316
KY,21117,0.29
KY,21119,0.366
KY,21119,0.41
KY,21121,0.333
KY,21121,0.338
KY,21123,0.31
KY,21123,0.305
KY,21125,0.325
KY,21125,0.33
KY,21127,0.37
KY,21127,0.388
KY,21129,0.312
KY,21129,0.294
KY,21131,0.363
KY,21131,0.38
KY,21133,0.358
KY,21133,0.379
KY,21135,0.364
KY,21135,0.372
KY,21137,0.373
KY,21137,0.303
KY,21139,0.326
KY,21139,0.314
KY,21141,0.328
KY,21141,0.363
KY,21143,0.313
KY,21143,0.303
KY,21151,0.296
KY,21151,0.285
KY,21153,0.341
KY,21153,0.331
KY,21155,0.338
KY,21155,0.335
KY,21157,0.342
KY,21157,0.339
KY,21159,0.385
KY,21159,0.377
KY,21161,0.318
KY,21161,0.322
KY,21145,0.301
KY,21145,0.306
KY,21147,0.323
KY,21147,0.332
KY,21149,0.324
KY,21149,0.324
KY,21163,0.362
KY,21163,0.355
KY,21165,0.358
KY,21165,0.314
KY,21167,0.331
KY,21167,0.32
KY,21169,0.343
KY,21169,0.334
KY,21171,0.358
KY,21171,0.343
KY,21173,0.329
KY,21173,0.33
KY,21175,0.364
KY,21175,0.345
KY,21177,0.342
KY,21177,0.36
KY,21179,0.302
KY,21179,0.319
KY,21181,0.314
KY,21181,0.314
KY,21183,0.347
KY,21183,0.379
KY,21185,0.289
KY,21185,0.294
KY,21187,0.337
KY,21187,0.334
KY,21189,0.355
KY,21189,0.337
KY,21191,0.332
KY,21191,0.324
KY,21193,0.41
KY,21193,0.399
KY,21195,0.366
KY,21195,0.362
KY,21197,0.332
KY,21197,0.323
KY,21199,0.315
KY,21199,0.317
KY,21201,0.32
KY,21201,0.333
KY,21203,0.374
KY,21203,0.394
KY,21205,0.341
KY,21205,0.342
KY,21207,0.322
KY,21207,0.316
KY,21209,0.326
KY,21209,0.315
KY,21211,0.33
KY,21211,0.318
KY,21213,0.304
KY,21213,0.297
KY,21215,0.339
KY,21215,0.286
KY,21217,0.319
KY,21217,0.346
KY,21219,0.329
KY,21219,0.342
KY,21221,0.334
KY,21221,0.294
KY,21223,0.352
KY,21223,0.333
KY,21225,0.363
KY,21225,0.342
KY,21227,0.277
KY,21227,0.289
KY,21229,0.331
KY,21229,0.328
KY,21231,0.315
KY,21231,0.309
KY,21233,0.337
KY,21233,0.328
KY,21235,0.358
KY,21235,0.342
KY,21237,0.318
KY,21237,0.33
KY,21239,0.316
KY,21239,0.309
LA,22001,0.322
LA,22001,0.323
LA,22003,0.376
LA,22003,0.347
LA,22005,0.345
LA,22005,0.332
LA,22007,0.334
LA,22007,0.325
LA,22009,0.39
LA,22009,0.383
LA,22011,0.331
LA,22011,0.351
LA,22013,0.39
LA,22013,0.378
LA,22015,0.339
LA,22015,0.359
LA,22017,0.339
LA,22017,0.335
LA,22019,0.346
LA,22019,0.332
LA,22021,0.408
LA,22021,0.356
LA,22023,0.362
LA,22023,0.345
LA,22025,0.359
LA,22025,0.375
LA,22027,0.355
LA,22027,0.389
LA,22029,0.354
LA,22029,0.367
LA,22031,0.369
LA,22031,0.35
LA,22033,0.336
LA,22033,0.331
LA,22035,0.415
LA,22035,0.426
LA,22037,0.355
LA,22037,0.397
LA,22039,0.315
LA,22039,0.352
LA,22041,0.355
LA,22041,0.363
LA,22043,0.332
LA,22043,0.331
LA,22045,0.369
LA,22045,0.392
LA,22047,0.384
LA,22047,0.421
LA,22049,0.352
LA,22049,0.395
LA,22053,0.346
LA,22053,0.335
LA,22051,0.32
LA,22051,0.328
LA,22059,0.354
LA,22059,0.368
LA,22055,0.295
LA,22055,0.282
LA,22057,0.38
LA,22057,0.353
LA,22061,0.326
LA,22061,0.344
LA,22063,0.332
LA,22063,0.35
LA,22065,0.402
LA,22065,0.421
LA,22067,0.39
LA,22067,0.399
LA,22069,0.39
LA,22069,0.374
LA,22071,0.309
LA,22071,0.309
LA,22073,0.335
LA,22073,0.341
LA,22075,0.338
LA,22075,0.343
LA,22077,0.323
LA,22077,0.358
LA,22079,0.345
LA,22079,0.362
LA,22081,0.338
LA,22081,0.395
LA,22083,0.388
LA,22083,0.385
LA,22085,0.365
LA,22085,0.384
LA,22087,0.36
LA,22087,0.353
LA,22089,0.334
LA,22089,0.346
LA,22091,0.375
LA,22091,0.398
LA,22093,0.362
LA,22093,0.376
LA,22095,0.364
LA,22095,0.344
LA,22097,0.414
LA,22097,0.421
LA,22099,0.356
LA,22099,0.351
LA,22101,0.38
LA,22101,0.387
LA,22103,0.29
LA,22103,0.288
LA,22105,0.368
LA,22105,0.374
LA,22107,0.353
LA,22107,0.341
LA,22109,0.399
LA,22109,0.387
LA,22111,0.365
LA,22111,0.346
LA,22113,0.33
LA,22113,0.324
LA,22115,0.375
LA,22115,0.395
LA,22117,0.386
LA,22117,0.388
LA,22119,0.339
LA,22119,0.35
LA,22121,0.328
LA,22121,0.355
LA,22123,0.372
LA,22123,0.379
LA,22125,0.349
LA,22125,0.366
LA,22127,0.342
LA,22127,0.344
MA,25001,0.18
MA,25001,0.183
MA,25003,0.22
MA,25003,0.225
MA,25005,0.291
MA,25005,0.286
MA,25007,0.196
MA,25007,0.224
MA,25009,0.235
MA,25009,0.242
MA,25011,0.249
MA,25011,0.221
MA,25013,0.292
MA,25013,0.289
MA,25015,0.224
MA,25015,0.218
MA,25017,0.233
MA,25017,0.231
MA,25019,0.239
MA,25019,0.197
MA,25021,0.198
MA,25021,0.202
MA,25023,0.247
MA,25023,0.258
MA,25025,0.215
MA,25025,0.212
MA,25027,0.256
MA,25027,0.26
MD,24001,0.284
MD,24001,0.28
MD,24003,0.28
MD,24003,0.278
MD,24005,0.276
MD,24005,0.282
MD,24510,0.334
MD,24510,0.336
MD,24009,0.284
MD,24009,0.295
MD,24011,0.339
MD,24011,0.325
MD,24013,0.283
MD,24013,0.284
MD,24015,0.325
MD,24015,0.33
MD,24017,0.336
MD,24017,0.337
MD,24019,0.341
MD,24019,0.353
MD,24021,0.267
MD,24021,0.273
MD,24023,0.315
MD,24023,0.31
MD,24025,0.281
MD,24025,0.296
MD,24027,0.246
MD,24027,0.233
MD,24029,0.272
MD,24029,0.281
MD,24031,0.184
MD,24031,0.188
MD,24033,0.339
MD,24033,0.338
MD,24035,0.259
MD,24035,0.273
MD,24039,0.377
MD,24039,0.361
MD,24037,0.281
MD,24037,0.292
MD,24041,0.269
MD,24041,0.284
MD,24043,0.317
MD,24043,0.326
MD,24045,0.337
MD,24045,0.346
MD,24047,0.322
MD,24047,0.312
ME,23001,0.313
ME,23001,0.313
ME,23003,0.329
ME,23003,0.333
ME,23005,0.219
ME,23005,0.215
ME,23007,0.302
ME,23007,0.298
ME,23009,0.245
ME,23009,0.237
ME,23011,0.301
ME,23011,0.311
ME,23013,0.26
ME,23013,0.246
ME,23015,0.235
ME,23015,0.241
ME,23017,0.303
ME,23017,0.305
ME,23019,0.312
ME,23019,0.317
ME,23021,0.325
ME,23021,0.309
ME,23023,0.25
ME,23023,0.256
ME,23025,0.336
ME,23025,0.339
ME,23027,0.29
ME,23027,0.304
ME,23029,0.324
ME,23029,0.322
ME,23031,0.267
ME,23031,0.273
MI,26001,0.301
MI,26001,0.31
MI,26003,0.326
MI,26003,0.319
MI,26005,0.342
MI,26005,0.341
MI,26007,0.334
MI,26007,0.347
MI,26009,0.312
MI,26009,0.324
MI,26011,0.343
MI,26011,0.35
MI,26013,0.32
MI,26013,0.32
MI,26015,0.37
MI,26015,0.361
MI,26017,0.335
MI,26017,0.318
MI,26019,0.316
MI,26019,0.304
MI,26021,0.365
MI,26021,0.362
MI,26023,0.351
MI,26023,0.348
MI,26025,0.371
MI,26025,0.35
MI,26027,0.314
MI,26027,0.355
MI,26029,0.271
MI,26029,0.266
MI,26031,0.327
MI,26031,0.333
MI,26033,0.379
MI,26033,0.38
MI,26035,0.293
MI,26035,0.314
MI,26037,0.332
MI,26037,0.349
MI,26039,0.297
MI,26039,0.291
MI,26041,0.314
MI,26041,0.32
MI,26043,0.298
MI,26043,0.314
MI,26045,0.329
MI,26045,0.341
MI,26047,0.289
MI,26047,0.28
MI,26049,0.36
MI,26049,0.369
MI,26051,0.342
MI,26051,0.361
MI,26053,0.283
MI,26053,0.27
MI,26055,0.314
MI,26055,0.306
MI,26057,0.37
MI,26057,0.361
MI,26059,0.303
MI,26059,0.328
MI,26061,0.267
MI,26061,0.262
MI,26063,0.29
MI,26063,0.31
MI,26065,0.305
MI,26065,0.316
MI,26067,0.337
MI,26067,0.335
MI,26069,0.342
MI,26069,0.324
MI,26071,0.313
MI,26071,0.319
MI,26073,0.311
MI,26073,0.311
MI,26075,0.344
MI,26075,0.351
MI,26077,0.307
MI,26077,0.29
MI,26079,0.304
MI,26079,0.304
MI,26081,0.307
MI,26081,0.292
MI,26085,0.316
MI,26085,0.33
MI,26087,0.335
MI,26087,0.329
MI,26089,0.265
MI,26089,0.237
MI,26091,0.323
MI,26091,0.319
MI,26093,0.266
MI,26093,0.275
MI,26095,0.345
MI,26095,0.345
MI,26097,0.338
MI,26097,0.329
MI,26099,0.3
MI,26099,0.319
MI,26101,0.287
MI,26101,0.304
MI,26103,0.295
MI,26103,0.294
MI,26105,0.323
MI,26105,0.299
MI,26107,0.309
MI,26107,0.321
MI,26109,0.316
MI,26109,0.332
MI,26111,0.307
MI,26111,0.301
MI,26113,0.329
MI,26113,0.323
MI,26115,0.334
MI,26115,0.334
MI,26117,0.32
MI,26117,0.303
MI,26119,0.317
MI,26119,0.318
MI,26121,0.355
MI,26121,0.363
MI,26123,0.353
MI,26123,0.329
MI,26125,0.269
MI,26125,0.265
MI,26127,0.349
MI,26127,0.334
MI,26129,0.344
MI,26129,0.35
MI,26131,0.339
MI,26131,0.343
MI,26133,0.339
MI,26133,0.364
MI,26135,0.304
MI,26135,0.334
MI,26137,0.317
MI,26137,0.343
MI,26139,0.255
MI,26139,0.246
MI,26141,0.333
MI,26141,0.325
MI,26143,0.333
MI,26143,0.323
MI,26145,0.397
MI,26145,0.386
MI,26151,0.36
MI,26151,0.364
MI,26153,0.275
MI,26153,0.287
MI,26155,0.346
MI,26155,0.359
MI,26147,0.305
MI,26147,0.301
MI,26149,0.33
MI,26149,0.341
MI,26157,0.309
MI,26157,0.312
MI,26159,0.318
MI,26159,0.325
MI,26161,0.233
MI,26161,0.236
MI,26163,0.343
MI,26163,0.342
MI,26165,0.325
MI,26165,0.326
MN,27001,0.274
MN,27001,0.271
MN,27003,0.307
MN,27003,0.295
MN,27005,0.279
MN,27005,0.294
MN,27007,0.283
MN,27007,0.288
MN,27009,0.291
MN,27009,0.269
MN,27011,0.284
MN,27011,0.281
MN,27013,0.252
MN,27013,0.264
MN,27015,0.287
MN,27015,0.298
MN,27017,0.279
MN,27017,0.291
MN,27019,0.247
MN,27019,0.262
MN,27021,0.284
MN,27021,0.277
MN,27023,0.311
MN,27023,0.304
MN,27025,0.285
MN,27025,0.28
MN,27027,0.314
MN,27027,0.3
MN,27029,0.299
MN,27029,0.319
MN,27031,0.261
MN,27031,0.249
MN,27033,0.286
MN,27033,0.291
MN,27035,0.268
MN,27035,0.27
MN,27037,0.254
MN,27037,0.247
MN,27039,0.332
MN,27039,0.334
MN,27041,0.269
MN,27041,0.255
MN,27043,0.297
MN,27043,0.284
MN,27045,0.272
MN,27045,0.253
MN,27047,0.306
MN,27047,0.308
MN,27049,0.28
MN,27049,0.295
MN,27051,0.272
MN,27051,0.285
MN,27053,0.219
MN,27053,0.222
MN,27055,0.277
MN,27055,0.261
MN,27057,0.286
MN,27057,0.272
MN,27059,0.277
MN,27059,0.303
MN,27061,0.28
MN,27061,0.29
MN,27063,0.298
MN,27063,0.312
MN,27065,0.264
MN,27065,0.249
MN,27067,0.291
MN,27067,0.278
MN,27069,0.316
MN,27069,0.307
MN,27071,0.297
MN,27071,0.267
MN,27073,0.292
MN,27073,0.271
MN,27075,0.295
MN,27075,0.298
MN,27077,0.281
MN,27077,0.287
MN,27079,0.303
MN,27079,0.298
MN,27081,0.275
MN,27081,0.285
MN,27083,0.278
MN,27083,0.291
MN,27087,0.306
MN,27087,0.308
MN,27089,0.269
MN,27089,0.275
MN,27091,0.272
MN,27091,0.28
MN,27085,0.319
MN,27085,0.318
MN,27093,0.296
MN,27093,0.289
MN,27095,0.288
MN,27095,0.292
MN,27097,0.278
MN,27097,0.287
MN,27099,0.279
MN,27099,0.3
MN,27101,0.318
MN,27101,0.328
MN,27103,0.289
MN,27103,0.284
MN,27105,0.277
MN,27105,0.277
MN,27107,0.328
MN,27107,0.31
MN,27109,0.238
MN,27109,0.221
MN,27111,0.282
MN,27111,0.264
MN,27113,0.276
MN,27113,0.259
MN,27115,0.284
MN,27115,0.273
MN,27117,0.289
MN,27117,0.288
MN,27119,0.3
MN,27119,0.316
MN,27121,0.281
MN,27121,0.278
MN,27123,0.246
MN,27123,0.249
MN,27125,0.303
MN,27125,0.32
MN,27127,0.305
MN,27127,0.298
MN,27129,0.33
MN,27129,0.331
MN,27131,0.259
MN,27131,0.266
MN,27133,0.245
MN,27133,0.271
MN,27135,0.342
MN,27135,0.335
MN,27139,0.24
MN,27139,0.251
MN,27141,0.305
MN,27141,0.296
MN,27143,0.291
MN,27143,0.275
MN,27137,0.273
MN,27137,0.264
MN,27145,0.277
MN,27145,0.277
MN,27147,0.266
MN,27147,0.256
MN,27149,0.283
MN,27149,0.303
MN,27151,0.291
MN,27151,0.292
MN,27153,0.297
MN,27153,0.284
MN,27155,0.29
MN,27155,0.299
MN,27157,0.269
MN,27157,0.296
MN,27159,0.308
MN,27159,0.282
MN,27161,0.31
MN,27161,0.3
MN,27163,0.243
MN,27163,0.248
MN,27165,0.308
MN,27165,0.285
MN,27167,0.302
MN,27167,0.293
MN,27169,0.273
MN,27169,0.266
MN,27171,0.265
MN,27171,0.275
MN,27173,0.253
MN,27173,0.278
MO,29001,0.305
MO,29001,0.299
MO,29003,0.289
MO,29003,0.276
MO,29005,0.29
MO,29005,0.307
MO,29007,0.295
MO,29007,0.307
MO,29009,0.298
MO,29009,0.315
MO,29011,0.309
MO,29011,0.317
MO,29013,0.33
MO,29013,0.342
MO,29015,0.348
MO,29015,0.35
MO,29017,0.357
MO,29017,0.372
MO,29019,0.257
MO,29019,0.242
MO,29021,0.383
MO,29021,0.37
MO,29023,0.329
MO,29023,0.349
MO,29025,0.366
MO,29025,0.368
MO,29027,0.346
MO,29027,0.337
MO,29029,0.294
MO,29029,0.29
MO,29031,0.271
MO,29031,0.29
MO,29033,0.316
MO,29033,0.315
MO,29035,0.328
MO,29035,0.337
MO,29037,0.331
MO,29037,0.323
MO,29039,0.313
MO,29039,0.335
MO,29041,0.319
MO,29041,0.302
MO,29043,0.293
MO,29043,0.288
MO,29045,0.334
MO,29045,0.314
MO,29047,0.284
MO,29047,0.282
MO,29049,0.322
MO,29049,0.323
MO,29051,0.303
MO,29051,0.293
MO,29053,0.293
MO,29053,0.303
MO,29055,0.323
MO,29055,0.333
MO,29057,0.32
MO,29057,0.357
MO,29059,0.329
MO,29059,0.326
MO,29061,0.311
MO,29061,0.348
MO,29063,0.354
MO,29063,0.349
MO,29065,0.343
MO,29065,0.345
MO,29067,0.32
MO,29067,0.301
MO,29069,0.355
MO,29069,0.341
MO,29071,0.345
MO,29071,0.326
MO,29073,0.307
MO,29073,0.326
MO,29075,0.333
MO,29075,0.318
MO,29077,0.294
MO,29077,0.294
MO,29079,0.325
MO,29079,0.324
MO,29081,0.315
MO,29081,0.308
MO,29083,0.331
MO,29083,0.311
MO,29085,0.333
MO,29085,0.332
MO,29087,0.296
MO,29087,0.306
MO,29089,0.316
MO,29089,0.331
MO,29091,0.293
MO,29091,0.316
MO,29093,0.309
MO,29093,0.329
MO,29095,0.32
MO,29095,0.316
MO,29097,0.326
MO,29097,0.339
MO,29099,0.351
MO,29099,0.324
MO,29101,0.325
MO,29101,0.306
MO,29103,0.329
MO,29103,0.316
MO,29105,0.319
MO,29105,0.311
MO,29107,0.311
MO,29107,0.3
MO,29109,0.3
MO,29109,0.291
MO,29111,0.344
MO,29111,0.351
MO,29113,0.365
MO,29113,0.353
MO,29115,0.354
MO,29115,0.328
MO,29117,0.281
MO,29117,0.299
MO,29121,0.309
MO,29121,0.325
MO,29123,0.36
MO,29123,0.359
MO,29125,0.308
MO,29125,0.289
MO,29127,0.283
MO,29127,0.318
MO,29119,0.317
MO,29119,0.298
MO,29129,0.324
MO,29129,0.346
MO,29131,0.349
MO,29131,0.358
MO,29133,0.336
MO,29133,0.332
MO,29135,0.313
MO,29135,0.31
MO,29137,0.321
MO,29137,0.316
MO,29139,0.312
MO,29139,0.326
MO,29141,0.285
MO,29141,0.293
MO,29143,0.332
MO,29143,0.325
MO,29145,0.322
MO,29145,0.31
MO,29147,0.303
MO,29147,0.279
MO,29149,0.323
MO,29149,0.32
MO,29151,0.292
MO,29151,0.317
MO,29153,0.293
MO,29153,0.312
MO,29155,0.354
MO,29155,0.337
MO,29157,0.327
MO,29157,0.307
MO,29159,0.324
MO,29159,0.316
MO,29161,0.327
MO,29161,0.315
MO,29163,0.331
MO,29163,0.344
MO,29165,0.292
MO,29165,0.3
MO,29167,0.34
MO,29167,0.312
MO,29169,0.344
MO,29169,0.336
MO,29171,0.295
MO,29171,0.311
MO,29173,0.323
MO,29173,0.347
MO,29175,0.343
MO,29175,0.316
MO,29177,0.313
MO,29177,0.315
MO,29179,0.348
MO,29179,0.332
MO,29181,0.338
MO,29181,0.338
MO,29195,0.338
MO,29195,0.393
MO,29197,0.309
MO,29197,0.32
MO,29199,0.355
MO,29199,0.342
MO,29201,0.323
MO,29201,0.375
MO,29203,0.366
MO,29203,0.342
MO,29205,0.317
MO,29205,0.333
MO,29183,0.306
MO,29183,0.302
MO,29185,0.336
MO,29185,0.311
MO,29187,0.32
MO,29187,0.325
MO,29189,0.283
MO,29189,0.282
MO,29510,0.329
MO,29510,0.333
MO,29186,0.286
MO,29186,0.283
MO,29207,0.329
MO,29207,0.317
MO,29209,0.309
MO,29209,0.325
MO,29211,0.302
MO,29211,0.32
MO,29213,0.313
MO,29213,0.299
MO,29215,0.338
MO,29215,0.321
MO,29217,0.306
MO,29217,0.281
MO,29219,0.314
MO,29219,0.308
MO,29221,0.326
MO,29221,0.338
MO,29223,0.276
MO,29223,0.325
MO,29225,0.322
MO,29225,0.326
MO,29227,0.298
MO,29229,0.347
MO,29229,0.355
MS,28001,0.361
MS,28001,0.371
MS,28003,0.321
MS,28003,0.333
MS,28005,0.347
MS,28005,0.383
MS,28007,0.379
MS,28007,0.389
MS,28009,0.358
MS,28009,0.388
MS,28011,0.356
MS,28011,0.342
MS,28013,0.336
MS,28013,0.34
MS,28015,0.331
MS,28015,0.348
MS,28017,0.371
MS,28017,0.362
MS,28019,0.348
MS,28019,0.344
MS,28021,0.414
MS,28021,0.418
MS,28023,0.349
MS,28023,0.342
MS,28025,0.394
MS,28025,0.391
MS,28027,0.474
MS,28027,0.441
MS,28029,0.354
MS,28029,0.371
MS,28031,0.386
MS,28031,0.374
MS,28033,0.328
MS,28033,0.352
MS,28035,0.364
MS,28035,0.345
MS,28037,0.411
MS,28037,0.381
MS,28039,0.374
MS,28039,0.345
MS,28041,0.377
MS,28041,0.401
MS,28043,0.378
MS,28043,0.38
MS,28045,0.333
MS,28045,0.289
MS,28047,0.342
MS,28047,0.337
MS,28049,0.37
MS,28049,0.36
MS,28051,0.411
MS,28051,0.45
MS,28053,0.423
MS,28053,0.424
MS,28055,0.37
MS,28057,0.365
MS,28057,0.332
MS,28059,0.331
MS,28059,0.32
MS,28061,0.403
MS,28061,0.396
MS,28063,0.448
MS,28063,0.444
MS,28065,0.369
MS,28065,0.369
MS,28067,0.368
MS,28067,0.36
MS,28069,0.36
MS,28069,0.36
MS,28071,0.33
MS,28071,0.347
MS,28073,0.336
MS,28073,0.336
MS,28075,0.367
MS,28075,0.351
MS,28077,0.378
MS,28077,0.382
MS,28079,0.359
MS,28079,0.371
MS,28081,0.301
MS,28081,0.319
MS,28083,0.406
MS,28083,0.43
MS,28085,0.366
MS,28085,0.365
MS,28087,0.363
MS,28087,0.362
MS,28089,0.316
MS,28089,0.3
MS,28091,0.371
MS,28091,0.379
MS,28093,0.386
MS,28093,0.4
MS,28095,0.344
MS,28095,0.325
MS,28097,0.363
MS,28097,0.392
MS,28099,0.355
MS,28099,0.361
MS,28101,0.317
MS,28101,0.298
MS,28103,0.436
MS,28103,0.431
MS,28105,0.315
MS,28105,0.331
MS,28107,0.36
MS,28107,0.358
MS,28109,0.33
MS,28109,0.329
MS,28111,0.325
MS,28111,0.361
MS,28113,0.378
MS,28113,0.387
MS,28115,0.363
MS,28115,0.338
MS,28117,0.331
MS,28117,0.305
MS,28119,0.407
MS,28119,0.41
MS,28121,0.34
MS,28121,0.324
MS,28123,0.389
MS,28123,0.358
MS,28125,0.408
MS,28125,0.412
MS,28127,0.36
MS,28127,0.384
MS,28129,0.336
MS,28129,0.344
MS,28131,0.322
MS,28131,0.299
MS,28133,0.439
MS,28133,0.417
MS,28135,0.389
MS,28135,0.405
MS,28137,0.35
MS,28137,0.346
MS,28139,0.345
MS,28139,0.352
MS,28141,0.297
MS,28141,0.347
MS,28143,0.407
MS,28143,0.412
MS,28145,0.338
MS,28145,0.337
MS,28147,0.393
MS,28147,0.394
MS,28149,0.398
MS,28149,0.369
MS,28151,0.4
MS,28151,0.396
MS,28153,0.366
MS,28153,0.376
MS,28155,0.353
MS,28155,0.361
MS,28157,0.424
MS,28157,0.399
MS,28159,0.357
MS,28159,0.354
MS,28161,0.381
MS,28161,0.352
MS,28163,0.383
MS,28163,0.423
MT,30001,0.246
MT,30001,0.245
MT,30003,0.353
MT,30003,0.366
MT,30005,0.335
MT,30005,0.328
MT,30007,0.295
MT,30007,0.301
MT,30009,0.254
MT,30009,0.249
MT,30013,0.268
MT,30013,0.289
MT,30015,0.291
MT,30015,0.281
MT,30017,0.242
MT,30017,0.268
MT,30019,0.244
MT,30021,0.266
MT,30021,0.271
MT,30023,0.274
MT,30023,0.277
MT,30025,0.245
MT,30025,0.263
MT,30027,0.247
MT,30027,0.252
MT,30029,0.21
MT,30029,0.211
MT,30031,0.175
MT,30031,0.169
MT,30035,0.315
MT,30035,0.317
MT,30039,0.209
MT,30039,0.227
MT,30041,0.327
MT,30041,0.332
MT,30043,0.201
MT,30043,0.207
MT,30045,0.255
MT,30045,0.259
MT,30047,0.273
MT,30047,0.267
MT,30049,0.238
MT,30049,0.23
MT,30053,0.262
MT,30053,0.295
MT,30057,0.227
MT,30057,0.208
MT,30059,0.256
MT,30059,0.25
MT,30061,0.297
MT,30061,0.285
MT,30063,0.205
MT,30063,0.211
MT,30065,0.24
MT,30065,0.234
MT,30067,0.227
MT,30067,0.232
MT,30071,0.266
MT,30071,0.27
MT,30073,0.29
MT,30073,0.285
MT,30077,0.252
MT,30077,0.244
MT,30079,0.266
MT,30081,0.209
MT,30081,0.205
MT,30083,0.309
MT,30083,0.297
MT,30085,0.358
MT,30085,0.365
MT,30087,0.327
MT,30087,0.323
MT,30089,0.266
MT,30089,0.279
MT,30091,0.275
MT,30091,0.303
MT,30093,0.274
MT,30093,0.266
MT,30095,0.252
MT,30095,0.236
MT,30097,0.218
MT,30097,0.217
MT,30099,0.242
MT,30099,0.261
MT,30101,0.287
MT,30101,0.285
MT,30105,0.274
MT,30105,0.291
MT,30107,0.245
MT,30107,0.249
MT,30111,0.271
MT,30111,0.257
NC,37001,0.341
NC,37001,0.332
NC,37003,0.272
NC,37003,0.283
NC,37005,0.247
NC,37005,0.235
NC,37007,0.346
NC,37007,0.351
NC,37009,0.225
NC,37009,0.243
NC,37011,0.289
NC,37011,0.257
NC,37013,0.343
NC,37013,0.319
NC,37015,0.35
NC,37015,0.352
NC,37017,0.361
NC,37017,0.357
NC,37019,0.295
NC,37019,0.291
NC,37021,0.236
NC,37021,0.236
NC,37023,0.288
NC,37023,0.31
NC,37025,0.309
NC,37025,0.293
NC,37027,0.295
NC,37027,0.293
NC,37029,0.302
NC,37029,0.313
NC,37031,0.29
NC,37031,0.281
NC,37033,0.325
NC,37033,0.339
NC,37035,0.284
NC,37035,0.285
NC,37037,0.257
NC,37037,0.256
NC,37039,0.275
NC,37039,0.289
NC,37041,0.3
NC,37041,0.316
NC,37043,0.258
NC,37043,0.264
NC,37045,0.302
NC,37045,0.292
NC,37047,0.321
NC,37047,0.315
NC,37049,0.319
NC,37049,0.304
NC,37051,0.338
NC,37051,0.311
NC,37053,0.292
NC,37053,0.305
NC,37055,0.281
NC,37055,0.278
NC,37057,0.29
NC,37057,0.299
NC,37059,0.281
NC,37059,0.265
NC,37061,0.361
NC,37061,0.34
NC,37063,0.294
NC,37063,0.288
NC,37065,0.37
NC,37065,0.397
NC,37067,0.26
NC,37067,0.259
NC,37069,0.334
NC,37069,0.325
NC,37071,0.273
NC,37071,0.312
NC,37073,0.328
NC,37073,0.343
NC,37075,0.295
NC,37075,0.295
NC,37077,0.302
NC,37077,0.333
NC,37079,0.318
NC,37079,0.331
NC,37081,0.274
NC,37081,0.282
NC,37083,0.379
NC,37083,0.392
NC,37085,0.331
NC,37085,0.31
NC,37087,0.259
NC,37087,0.239
NC,37089,0.219
NC,37089,0.218
NC,37091,0.341
NC,37091,0.334
NC,37093,0.331
NC,37093,0.344
NC,37095,0.315
NC,37095,0.297
NC,37097,0.279
NC,37097,0.283
NC,37099,0.328
NC,37099,0.323
NC,37101,0.334
NC,37101,0.343
NC,37103,0.341
NC,37103,0.343
NC,37105,0.292
NC,37105,0.292
NC,37107,0.342
NC,37107,0.353
NC,37109,0.279
NC,37109,0.286
NC,37113,0.245
NC,37113,0.242
NC,37115,0.3
NC,37115,0.29
NC,37117,0.339
NC,37117,0.358
NC,37111,0.338
NC,37111,0.313
NC,37119,0.255
NC,37119,0.244
NC,37121,0.291
NC,37121,0.304
NC,37123,0.313
NC,37123,0.33
NC,37125,0.285
NC,37125,0.278
NC,37127,0.333
NC,37127,0.319
NC,37129,0.255
NC,37129,0.25
NC,37131,0.307
NC,37131,0.356
NC,37133,0.278
NC,37133,0.275
NC,37135,0.208
NC,37135,0.213
NC,37137,0.302
NC,37137,0.304
NC,37139,0.326
NC,37139,0.345
NC,37141,0.292
NC,37141,0.269
NC,37143,0.319
NC,37143,0.338
NC,37145,0.326
NC,37145,0.333
NC,37147,0.357
NC,37147,0.371
NC,37149,0.23
NC,37149,0.251
NC,37151,0.287
NC,37151,0.298
NC,37153,0.305
NC,37153,0.349
NC,37155,0.407
NC,37155,0.395
NC,37157,0.324
NC,37157,0.342
NC,37159,0.331
NC,37159,0.34
NC,37161,0.3
NC,37161,0.273
NC,37163,0.367
NC,37163,0.364
NC,37165,0.364
NC,37165,0.357
NC,37167,0.266
NC,37167,0.286
NC,37169,0.256
NC,37169,0.314
NC,37171,0.307
NC,37171,0.313
NC,37173,0.339
NC,37173,0.33
NC,37175,0.237
NC,37175,0.241
NC,37177,0.313
NC,37177,0.314
NC,37179,0.274
NC,37179,0.268
NC,37181,0.33
NC,37181,0.354
NC,37183,0.248
NC,37183,0.253
NC,37185,0.348
NC,37185,0.363
NC,37187,0.33
NC,37187,0.338
NC,37189,0.275
NC,37189,0.253
NC,37191,0.341
NC,37191,0.321
NC,37193,0.293
NC,37193,0.293
NC,37195,0.349
NC,37195,0.373
NC,37197,0.297
NC,37197,0.301
NC,37199,0.287
NC,37199,0.271
ND,38001,0.331
ND,38001,0.304
ND,38003,0.27
ND,38003,0.279
ND,38005,0.355
ND,38005,0.328
ND,38009,0.313
ND,38009,0.304
ND,38011,0.315
ND,38011,0.307
ND,38013,0.306
ND,38013,0.286
ND,38015,0.267
ND,38015,0.28
ND,38017,0.27
ND,38017,0.266
ND,38019,0.314
ND,38019,0.278
ND,38021,0.297
ND,38021,0.337
ND,38023,0.289
ND,38023,0.286
ND,38025,0.3
ND,38025,0.285
ND,38027,0.291
ND,38027,0.302
ND,38029,0.326
ND,38029,0.306
ND,38031,0.303
ND,38031,0.284
ND,38033,0.288
ND,38035,0.299
ND,38035,0.29
ND,38037,0.36
ND,38039,0.304
ND,38039,0.308
ND,38041,0.262
ND,38041,0.269
ND,38043,0.33
ND,38043,0.315
ND,38045,0.287
ND,38045,0.324
ND,38047,0.359
ND,38049,0.296
ND,38049,0.284
ND,38051,0.302
ND,38051,0.316
ND,38053,0.326
ND,38053,0.306
ND,38055,0.315
ND,38055,0.299
ND,38057,0.298
ND,38057,0.3
ND,38059,0.294
ND,38059,0.315
ND,38061,0.356
ND,38061,0.335
ND,38063,0.308
ND,38063,0.277
ND,38067,0.329
ND,38067,0.318
ND,38069,0.325
ND,38069,0.327
ND,38071,0.303
ND,38071,0.288
ND,38073,0.316
ND,38073,0.308
ND,38075,0.288
ND,38077,0.332
ND,38077,0.317
ND,38079,0.403
ND,38079,0.4
ND,38081,0.31
ND,38081,0.323
ND,38085,0.443
ND,38085,0.394
ND,38089,0.318
ND,38089,0.301
ND,38093,0.298
ND,38093,0.298
ND,38095,0.291
ND,38095,0.29
ND,38097,0.353
ND,38097,0.358
ND,38099,0.332
ND,38099,0.321
ND,38101,0.297
ND,38101,0.309
ND,38103,0.289
ND,38103,0.309
ND,38105,0.304
ND,38105,0.303
NE,31001,0.289
NE,31001,0.292
NE,31003,0.281
NE,31003,0.272
NE,31011,0.279
NE,31011,0.284
NE,31013,0.322
NE,31013,0.321
NE,31015,0.309
NE,31015,0.307
NE,31017,0.317
NE,31017,0.31
NE,31019,0.301
NE,31019,0.283
NE,31021,0.314
NE,31021,0.314
NE,31023,0.278
NE,31023,0.271
NE,31025,0.318
NE,31025,0.331
NE,31027,0.281
NE,31027,0.269
NE,31029,0.267
NE,31029,0.282
NE,31031,0.27
NE,31031,0.263
NE,31033,0.284
NE,31033,0.265
NE,31035,0.347
NE,31035,0.344
NE,31037,0.339
NE,31037,0.313
NE,31039,0.298
NE,31039,0.287
NE,31041,0.317
NE,31041,0.332
NE,31043,0.337
NE,31043,0.335
NE,31045,0.298
NE,31045,0.287
NE,31047,0.322
NE,31047,0.328
NE,31049,0.275
NE,31049,0.266
NE,31051,0.325
NE,31051,0.315
NE,31053,0.298
NE,31053,0.298
NE,31055,0.284
NE,31055,0.28
NE,31057,0.301
NE,31057,0.332
NE,31059,0.292
NE,31059,0.288
NE,31061,0.317
NE,31061,0.338
NE,31063,0.319
NE,31065,0.322
NE,31065,0.327
NE,31067,0.34
NE,31067,0.339
NE,31069,0.263
NE,31069,0.282
NE,31071,0.276
NE,31071,0.277
NE,31073,0.295
NE,31073,0.315
NE,31077,0.332
NE,31077,0.322
NE,31079,0.312
NE,31079,0.311
NE,31081,0.299
NE,31081,0.29
NE,31083,0.293
NE,31083,0.298
NE,31087,0.338
NE,31087,0.324
NE,31089,0.303
NE,31089,0.312
NE,31093,0.315
NE,31093,0.301
NE,31095,0.322
NE,31095,0.341
NE,31097,0.3
NE,31097,0.303
NE,31099,0.294
NE,31099,0.3
NE,31101,0.284
NE,31101,0.276
NE,31105,0.314
NE,31105,0.312
NE,31107,0.279
NE,31107,0.282
NE,31109,0.267
NE,31109,0.263
NE,31111,0.324
NE,31111,0.328
NE,31119,0.294
NE,31119,0.309
NE,31121,0.331
NE,31121,0.334
NE,31123,0.293
NE,31123,0.302
NE,31125,0.305
NE,31125,0.305
NE,31127,0.345
NE,31127,0.35
NE,31129,0.295
NE,31129,0.292
NE,31131,0.345
NE,31131,0.339
NE,31133,0.33
NE,31133,0.325
NE,31135,0.298
NE,31135,0.313
NE,31137,0.333
NE,31137,0.334
NE,31139,0.346
NE,31139,0.365
NE,31141,0.299
NE,31141,0.292
NE,31143,0.33
NE,31143,0.313
NE,31145,0.302
NE,31145,0.306
NE,31147,0.326
NE,31147,0.325
NE,31151,0.319
NE,31151,0.319
NE,31153,0.278
NE,31153,0.284
NE,31155,0.305
NE,31155,0.293
NE,31157,0.324
NE,31157,0.333
NE,31159,0.29
NE,31159,0.287
NE,31161,0.297
NE,31161,0.292
NE,31163,0.336
NE,31163,0.327
NE,31167,0.311
NE,31167,0.338
NE,31169,0.278
NE,31169,0.322
NE,31173,0.399
NE,31173,0.407
NE,31175,0.298
NE,31175,0.308
NE,31177,0.307
NE,31177,0.312
NE,31179,0.291
NE,31179,0.286
NE,31181,0.323
NE,31181,0.309
NE,31185,0.326
NE,31185,0.32
NH,33001,0.269
NH,33001,0.295
NH,33003,0.241
NH,33003,0.238
NH,33005,0.259
NH,33005,0.254
NH,33007,0.315
NH,33007,0.313
NH,33009,0.255
NH,33009,0.267
NH,33011,0.269
NH,33011,0.272
NH,33013,0.264
NH,33013,0.276
NH,33015,0.263
NH,33015,0.257
NH,33017,0.301
NH,33017,0.305
NH,33019,0.268
NH,33019,0.266
NJ,34001,0.27
NJ,34001,0.268
NJ,34003,0.214
NJ,34003,0.208
NJ,34005,0.271
NJ,34005,0.27
NJ,34007,0.275
NJ,34007,0.283
NJ,34009,0.248
NJ,34009,0.263
NJ,34011,0.334
NJ,34011,0.339
NJ,34013,0.259
NJ,34013,0.265
NJ,34015,0.282
NJ,34015,0.286
NJ,34017,0.239
NJ,34017,0.236
NJ,34019,0.2
NJ,34019,0.206
NJ,34021,0.251
NJ,34021,0.237
NJ,34023,0.234
NJ,34023,0.226
NJ,34025,0.224
NJ,34025,0.23
NJ,34027,0.208
NJ,34027,0.214
NJ,34029,0.264
NJ,34029,0.268
NJ,34031,0.247
NJ,34031,0.236
NJ,34033,0.328
NJ,34033,0.323
NJ,34035,0.211
NJ,34035,0.213
NJ,34037,0.258
NJ,34037,0.246
NJ,34039,0.232
NJ,34039,0.237
NJ,34041,0.256
NJ,34041,0.266
NM,35001,0.193
NM,35001,0.197
NM,35003,0.248
NM,35003,0.227
NM,35005,0.306
NM,35005,0.31
NM,35006,0.312
NM,35006,0.327
NM,35007,0.248
NM,35007,0.259
NM,35009,0.292
NM,35009,0.286
NM,35011,0.232
NM,35011,0.246
NM,35013,0.254
NM,35013,0.238
NM,35015,0.287
NM,35015,0.314
NM,35017,0.237
NM,35017,0.218
NM,35019,0.259
NM,35019,0.28
NM,35023,0.264
NM,35023,0.268
NM,35025,0.328
NM,35025,0.333
NM,35027,0.229
NM,35027,0.219
NM,35028,0.185
NM,35028,0.2
NM,35029,0.261
NM,35029,0.248
NM,35031,0.358
NM,35031,0.354
NM,35033,0.234
NM,35033,0.233
NM,35035,0.245
NM,35035,0.235
NM,35037,0.253
NM,35037,0.297
NM,35039,0.24
NM,35039,0.246
NM,35041,0.267
NM,35041,0.269
NM,35045,0.303
NM,35045,0.302
NM,35047,0.224
NM,35047,0.219
NM,35043,0.25
NM,35043,0.242
NM,35049,0.138
NM,35049,0.142
NM,35051,0.233
NM,35051,0.213
NM,35053,0.265
NM,35053,0.268
NM,35055,0.18
NM,35055,0.18
NM,35057,0.259
NM,35057,0.26
NM,35059,0.26
NM,35059,0.275
NM,35061,0.284
NM,35061,0.289
NV,32510,0.23
NV,32510,0.23
NV,32001,0.316
NV,32001,0.316
NV,32003,0.251
NV,32003,0.249
NV,32005,0.225
NV,32005,0.219
NV,32007,0.327
NV,32007,0.321
NV,32011,0.257
NV,32011,0.26
NV,32013,0.271
NV,32013,0.259
NV,32015,0.271
NV,32015,0.294
NV,32017,0.268
NV,32017,0.247
NV,32019,0.309
NV,32019,0.284
NV,32021,0.295
NV,32021,0.269
NV,32023,0.301
NV,32023,0.291
NV,32027,0.293
NV,32027,0.31
NV,32029,0.237
NV,32029,0.252
NV,32031,0.225
NV,32031,0.222
NV,32033,0.261
NV,32033,0.248
NY,36001,0.259
NY,36001,0.258
NY,36003,0.298
NY,36003,0.306
NY,36005,0.284
NY,36005,0.28
NY,36007,0.29
NY,36007,0.268
NY,36009,0.275
NY,36009,0.286
NY,36011,0.248
NY,36011,0.286
NY,36013,0.275
NY,36013,0.259
NY,36015,0.292
NY,36015,0.307
NY,36017,0.288
NY,36017,0.328
NY,36019,0.296
NY,36019,0.325
NY,36021,0.239
NY,36021,0.256
NY,36023,0.27
NY,36023,0.266
NY,36025,0.258
NY,36025,0.26
NY,36027,0.262
NY,36027,0.261
NY,36029,0.289
NY,36029,0.287
NY,36031,0.272
NY,36031,0.269
NY,36033,0.289
NY,36033,0.307
NY,36035,0.283
NY,36035,0.294
NY,36037,0.287
NY,36037,0.292
NY,36039,0.303
NY,36039,0.302
NY,36041,0.261
NY,36041,0.267
NY,36043,0.317
NY,36043,0.31
NY,36045,0.29
NY,36045,0.296
NY,36047,0.232
NY,36047,0.227
NY,36049,0.259
NY,36049,0.272
NY,36051,0.288
NY,36051,0.278
NY,36053,0.273
NY,36053,0.282
NY,36055,0.302
NY,36055,0.286
NY,36057,0.269
NY,36057,0.272
NY,36059,0.216
NY,36059,0.224
NY,36061,0.157
NY,36061,0.147
NY,36063,0.295
NY,36063,0.301
NY,36065,0.275
NY,36065,0.285
NY,36067,0.282
NY,36067,0.269
NY,36069,0.28
NY,36069,0.29
NY,36071,0.238
NY,36071,0.245
NY,36073,0.319
NY,36073,0.306
NY,36075,0.339
NY,36075,0.329
NY,36077,0.274
NY,36077,0.252
NY,36079,0.31
NY,36079,0.294
NY,36081,0.229
NY,36081,0.237
NY,36083,0.264
NY,36083,0.248
NY,36085,0.276
NY,36085,0.277
NY,36087,0.243
NY,36087,0.236
NY,36091,0.259
NY,36091,0.26
NY,36093,0.274
NY,36093,0.266
NY,36095,0.299
NY,36095,0.265
NY,36097,0.286
NY,36097,0.293
NY,36099,0.283
NY,36099,0.291
NY,36089,0.3
NY,36089,0.294
NY,36101,0.309
NY,36101,0.302
NY,36103,0.247
NY,36103,0.223
NY,36105,0.293
NY,36105,0.3
NY,36107,0.289
NY,36107,0.315
NY,36109,0.217
NY,36109,0.238
NY,36111,0.273
NY,36111,0.27
NY,36113,0.288
NY,36113,0.271
NY,36115,0.283
NY,36115,0.29
NY,36117,0.314
NY,36117,0.296
NY,36119,0.172
NY,36119,0.178
NY,36121,0.296
NY,36121,0.284
NY,36123,0.259
NY,36123,0.258
OH,39001,0.307
OH,39001,0.296
OH,39003,0.373
OH,39003,0.368
OH,39005,0.307
OH,39005,0.3
OH,39007,0.3
OH,39007,0.32
OH,39009,0.331
OH,39009,0.299
OH,39011,0.327
OH,39011,0.341
OH,39013,0.311
OH,39013,0.32
OH,39015,0.364
OH,39015,0.368
OH,39017,0.298
OH,39017,0.293
OH,39019,0.288
OH,39019,0.318
OH,39021,0.334
OH,39021,0.346
OH,39023,0.332
OH,39023,0.301
OH,39025,0.266
OH,39025,0.278
OH,39027,0.297
OH,39027,0.334
OH,39029,0.32
OH,39029,0.323
OH,39031,0.316
OH,39031,0.328
OH,39033,0.359
OH,39033,0.353
OH,39035,0.272
OH,39035,0.28
OH,39037,0.351
OH,39037,0.337
OH,39039,0.283
OH,39039,0.313
OH,39041,0.255
OH,39041,0.265
OH,39043,0.28
OH,39043,0.294
OH,39045,0.309
OH,39045,0.306
OH,39047,0.313
OH,39047,0.315
OH,39049,0.303
OH,39049,0.295
OH,39051,0.303
OH,39051,0.302
OH,39053,0.313
OH,39053,0.32
OH,39055,0.275
OH,39055,0.261
OH,39057,0.26
OH,39057,0.251
OH,39059,0.313
OH,39059,0.364
OH,39061,0.284
OH,39061,0.289
OH,39063,0.31
OH,39063,0.314
OH,39065,0.316
OH,39065,0.319
OH,39067,0.299
OH,39067,0.285
OH,39069,0.33
OH,39069,0.316
OH,39071,0.329
OH,39071,0.33
OH,39073,0.318
OH,39073,0.305
OH,39075,0.291
OH,39075,0.266
OH,39077,0.328
OH,39077,0.349
OH,39079,0.334
OH,39079,0.369
OH,39081,0.361
OH,39081,0.333
OH,39083,0.316
OH,39083,0.326
OH,39085,0.283
OH,39085,0.249
OH,39087,0.372
OH,39087,0.363
OH,39089,0.304
OH,39089,0.309
OH,39091,0.297
OH,39091,0.301
OH,39093,0.314
OH,39093,0.304
OH,39095,0.318
OH,39095,0.322
OH,39097,0.307
OH,39097,0.312
OH,39099,0.298
OH,39099,0.308
OH,39101,0.322
OH,39101,0.342
OH,39103,0.286
OH,39103,0.277
OH,39105,0.332
OH,39105,0.362
OH,39107,0.291
OH,39107,0.281
OH,39109,0.309
OH,39109,0.312
OH,39111,0.32
OH,39111,0.342
OH,39113,0.304
OH,39113,0.303
OH,39115,0.322
OH,39115,0.311
OH,39117,0.309
OH,39117,0.338
OH,39119,0.295
OH,39119,0.321
OH,39121,0.321
OH,39121,0.334
OH,39123,0.35
OH,39123,0.326
OH,39125,0.293
OH,39125,0.29
OH,39127,0.367
OH,39127,0.362
OH,39129,0.33
OH,39129,0.349
OH,39131,0.321
OH,39131,0.324
OH,39133,0.296
OH,39133,0.286
OH,39135,0.324
OH,39135,0.306
OH,39137,0.299
OH,39137,0.31
OH,39139,0.312
OH,39139,0.335
OH,39141,0.344
OH,39141,0.358
OH,39143,0.339
OH,39143,0.347
OH,39145,0.355
OH,39145,0.367
OH,39147,0.3
OH,39147,0.323
OH,39149,0.321
OH,39149,0.324
OH,39151,0.317
OH,39151,0.309
OH,39153,0.292
OH,39153,0.28
OH,39155,0.325
OH,39155,0.344
OH,39157,0.321
OH,39157,0.354
OH,39159,0.342
OH,39159,0.336
OH,39161,0.325
OH,39161,0.357
OH,39163,0.303
OH,39163,0.304
OH,39165,0.262
OH,39165,0.263
OH,39167,0.322
OH,39167,0.33
OH,39169,0.305
OH,39169,0.288
OH,39171,0.3
OH,39171,0.309
OH,39173,0.296
OH,39173,0.291
OH,39175,0.294
OH,39175,0.342
OK,40001,0.36
OK,40001,0.347
OK,40003,0.328
OK,40003,0.339
OK,40005,0.347
OK,40005,0.353
OK,40007,0.314
OK,40007,0.359
OK,40009,0.365
OK,40009,0.357
OK,40011,0.322
OK,40011,0.341
OK,40013,0.333
OK,40013,0.329
OK,40015,0.352
OK,40015,0.348
OK,40017,0.311
OK,40017,0.326
OK,40019,0.364
OK,40019,0.358
OK,40021,0.352
OK,40021,0.354
OK,40023,0.343
OK,40023,0.346
OK,40025,0.313
OK,40025,0.312
OK,40027,0.293
OK,40027,0.293
OK,40029,0.332
OK,40029,0.34
OK,40031,0.345
OK,40031,0.334
OK,40033,0.34
OK,40033,0.353
OK,40035,0.358
OK,40035,0.332
OK,40037,0.361
OK,40037,0.347
OK,40039,0.289
OK,40039,0.292
OK,40041,0.332
OK,40041,0.325
OK,40043,0.292
OK,40043,0.288
OK,40045,0.319
OK,40045,0.32
OK,40047,0.328
OK,40047,0.353
OK,40049,0.322
OK,40049,0.329
OK,40051,0.37
OK,40051,0.369
OK,40053,0.346
OK,40053,0.369
OK,40055,0.321
OK,40055,0.311
OK,40057,0.34
OK,40057,0.364
OK,40059,0.327
OK,40059,0.333
OK,40061,0.313
OK,40061,0.34
OK,40063,0.338
OK,40063,0.351
OK,40065,0.325
OK,40065,0.341
OK,40067,0.369
OK,40067,0.382
OK,40069,0.31
OK,40069,0.36
OK,40071,0.356
OK,40071,0.305
OK,40073,0.316
OK,40073,0.317
OK,40075,0.321
OK,40075,0.316
OK,40077,0.368
OK,40077,0.377
OK,40079,0.332
OK,40079,0.37
OK,40081,0.319
OK,40081,0.342
OK,40083,0.341
OK,40083,0.342
OK,40085,0.308
OK,40085,0.325
OK,40093,0.32
OK,40093,0.315
OK,40095,0.339
OK,40095,0.343
OK,40097,0.36
OK,40097,0.354
OK,40087,0.324
OK,40087,0.313
OK,40089,0.357
OK,40089,0.355
OK,40091,0.35
OK,40091,0.35
OK,40099,0.346
OK,40099,0.363
OK,40101,0.319
OK,40101,0.339
OK,40103,0.352
OK,40103,0.325
OK,40105,0.33
OK,40105,0.337
OK,40107,0.351
OK,40107,0.321
OK,40109,0.3
OK,40109,0.302
OK,40111,0.323
OK,40111,0.349
OK,40113,0.33
OK,40113,0.353
OK,40115,0.316
OK,40115,0.33
OK,40117,0.364
OK,40117,0.354
OK,40119,0.309
OK,40119,0.282
OK,40121,0.341
OK,40121,0.329
OK,40123,0.393
OK,40123,0.354
OK,40125,0.372
OK,40125,0.372
OK,40127,0.314
OK,40127,0.317
OK,40129,0.323
OK,40129,0.319
OK,40131,0.311
OK,40131,0.307
OK,40133,0.387
OK,40133,0.375
OK,40135,0.381
OK,40135,0.374
OK,40137,0.294
OK,40137,0.308
OK,40139,0.309
OK,40139,0.315
OK,40141,0.336
OK,40141,0.336
OK,40143,0.302
OK,40143,0.305
OK,40145,0.315
OK,40145,0.323
OK,40147,0.308
OK,40147,0.286
OK,40149,0.327
OK,40149,0.377
OK,40151,0.324
OK,40151,0.321
OK,40153,0.347
OK,40153,0.334
OR,41001,0.251
OR,41001,0.243
OR,41003,0.224
OR,41003,0.208
OR,41005,0.261
OR,41005,0.262
OR,41007,0.26
OR,41007,0.284
OR,41009,0.282
OR,41009,0.303
OR,41011,0.289
OR,41011,0.303
OR,41013,0.266
OR,41013,0.267
OR,41015,0.291
OR,41015,0.293
OR,41017,0.212
OR,41017,0.23
OR,41019,0.328
OR,41019,0.343
OR,41023,0.243
OR,41023,0.25
OR,41025,0.286
OR,41025,0.307
OR,41027,0.221
OR,41027,0.223
OR,41029,0.239
OR,41029,0.247
OR,41031,0.307
OR,41031,0.304
OR,41033,0.255
OR,41033,0.259
OR,41035,0.272
OR,41035,0.291
OR,41037,0.299
OR,41037,0.323
OR,41039,0.267
OR,41039,0.281
OR,41041,0.28
OR,41041,0.284
OR,41043,0.299
OR,41043,0.313
OR,41045,0.283
OR,41045,0.306
OR,41047,0.313
OR,41047,0.339
OR,41049,0.258
OR,41049,0.271
OR,41051,0.223
OR,41051,0.221
OR,41053,0.305
OR,41053,0.314
OR,41055,0.271
OR,41057,0.275
OR,41057,0.288
OR,41059,0.338
OR,41059,0.33
OR,41061,0.28
OR,41061,0.257
OR,41063,0.254
OR,41063,0.251
OR,41065,0.329
OR,41065,0.3
OR,41067,0.245
OR,41067,0.256
OR,41071,0.294
OR,41071,0.297
PA,42001,0.283
PA,42001,0.31
PA,42003,0.273
PA,42003,0.266
PA,42005,0.309
PA,42005,0.339
PA,42007,0.301
PA,42007,0.31
PA,42009,0.333
PA,42009,0.34
PA,42011,0.277
PA,42011,0.302
PA,42013,0.334
PA,42013,0.331
PA,42015,0.348
PA,42015,0.33
PA,42017,0.257
PA,42017,0.255
PA,42019,0.291
PA,42019,0.3
PA,42021,0.362
PA,42021,0.319
PA,42023,0.291
PA,42023,0.272
PA,42025,0.322
PA,42025,0.356
PA,42027,0.252
PA,42027,0.239
PA,42029,0.222
PA,42029,0.231
PA,42031,0.317
PA,42031,0.334
PA,42033,0.292
PA,42033,0.301
PA,42035,0.315
PA,42035,0.348
PA,42037,0.333
PA,42037,0.346
PA,42039,0.298
PA,42039,0.317
PA,42041,0.255
PA,42041,0.246
PA,42043,0.321
PA,42043,0.337
PA,42045,0.28
PA,42045,0.257
PA,42047,0.312
PA,42047,0.286
PA,42049,0.283
PA,42049,0.291
PA,42051,0.346
PA,42051,0.369
PA,42053,0.325
PA,42053,0.33
PA,42055,0.324
PA,42055,0.321
PA,42057,0.308
PA,42057,0.345
PA,42059,0.307
PA,42059,0.321
PA,42061,0.294
PA,42061,0.315
PA,42063,0.297
PA,42063,0.333
PA,42065,0.292
PA,42065,0.296
PA,42067,0.308
PA,42067,0.306
PA,42069,0.249
PA,42069,0.279
PA,42071,0.283
PA,42071,0.285
PA,42073,0.283
PA,42073,0.326
PA,42075,0.32
PA,42075,0.318
PA,42077,0.279
PA,42077,0.285
PA,42079,0.298
PA,42079,0.301
PA,42081,0.313
PA,42081,0.306
PA,42083,0.319
PA,42083,0.323
PA,42085,0.309
PA,42085,0.321
PA,42087,0.302
PA,42087,0.302
PA,42089,0.282
PA,42089,0.28
PA,42091,0.24
PA,42091,0.236
PA,42093,0.302
PA,42093,0.291
PA,42095,0.29
PA,42095,0.296
PA,42097,0.343
PA,42097,0.346
PA,42099,0.308
PA,42099,0.309
PA,42101,0.306
PA,42101,0.3
PA,42103,0.312
PA,42103,0.294
PA,42105,0.315
PA,42105,0.324
PA,42107,0.33
PA,42107,0.328
PA,42109,0.335
PA,42109,0.314
PA,42111,0.313
PA,42111,0.325
PA,42113,0.322
PA,42113,0.328
PA,42115,0.325
PA,42115,0.342
PA,42117,0.322
PA,42117,0.328
PA,42119,0.295
PA,42119,0.284
PA,42121,0.32
PA,42121,0.329
PA,42123,0.312
PA,42123,0.32
PA,42125,0.277
PA,42125,0.267
PA,42127,0.29
PA,42127,0.313
PA,42129,0.283
PA,42129,0.278
PA,42131,0.322
PA,42131,0.33
PA,42133,0.328
PA,42133,0.316
RI,44001,0.203
RI,44001,0.207
RI,44003,0.277
RI,44003,0.269
RI,44005,0.22
RI,44005,0.213
RI,44007,0.273
RI,44007,0.278
RI,44009,0.226
RI,44009,0.229
SC,45001,0.348
SC,45001,0.346
SC,45003,0.319
SC,45003,0.312
SC,45005,0.367
SC,45005,0.395
SC,45007,0.308
SC,45007,0.335
SC,45009,0.422
SC,45009,0.406
SC,45011,0.369
SC,45011,0.385
SC,45013,0.216
SC,45013,0.22
SC,45015,0.388
SC,45015,0.365
SC,45017,0.384
SC,45017,0.395
SC,45019,0.277
SC,45019,0.262
SC,45021,0.314
SC,45021,0.33
SC,45023,0.335
SC,45023,0.372
SC,45025,0.36
SC,45025,0.354
SC,45027,0.375
SC,45027,0.382
SC,45029,0.367
SC,45029,0.382
SC,45031,0.357
SC,45031,0.341
SC,45033,0.398
SC,45033,0.398
SC,45035,0.29
SC,45035,0.304
SC,45037,0.357
SC,45037,0.338
SC,45039,0.397
SC,45039,0.406
SC,45041,0.361
SC,45041,0.369
SC,45043,0.351
SC,45043,0.348
SC,45045,0.298
SC,45045,0.296
SC,45047,0.336
SC,45047,0.324
SC,45049,0.424
SC,45049,0.434
SC,45051,0.278
SC,45051,0.277
SC,45053,0.415
SC,45053,0.395
SC,45055,0.311
SC,45055,0.309
SC,45057,0.319
SC,45057,0.347
SC,45059,0.358
SC,45059,0.378
SC,45061,0.396
SC,45061,0.414
SC,45063,0.307
SC,45063,0.303
SC,45067,0.388
SC,45067,0.398
SC,45069,0.408
SC,45069,0.398
SC,45065,0.345
SC,45065,0.322
SC,45071,0.351
SC,45071,0.346
SC,45073,0.313
SC,45073,0.31
SC,45075,0.403
SC,45075,0.41
SC,45077,0.285
SC,45077,0.296
SC,45079,0.311
SC,45079,0.322
SC,45081,0.32
SC,45081,0.331
SC,45083,0.285
SC,45083,0.293
SC,45085,0.358
SC,45085,0.347
SC,45087,0.359
SC,45087,0.359
SC,45089,0.426
SC,45089,0.43
SC,45091,0.285
SC,45091,0.282
SD,46003,0.292
SD,46005,0.302
SD,46005,0.312
SD,46007,0.377
SD,46007,0.377
SD,46009,0.321
SD,46009,0.3
SD,46011,0.278
SD,46011,0.263
SD,46013,0.311
SD,46013,0.295
SD,46015,0.361
SD,46015,0.362
SD,46017,0.418
SD,46017,0.435
SD,46019,0.303
SD,46019,0.281
SD,46023,0.331
SD,46023,0.322
SD,46025,0.327
SD,46025,0.32
SD,46027,0.298
SD,46027,0.3
SD,46029,0.297
SD,46029,0.3
SD,46031,0.415
SD,46031,0.39
SD,46033,0.249
SD,46033,0.251
SD,46035,0.326
SD,46035,0.33
SD,46037,0.334
SD,46037,0.344
SD,46039,0.351
SD,46039,0.338
SD,46041,0.423
SD,46041,0.402
SD,46043,0.293
SD,46043,0.275
SD,46045,0.356
SD,46045,0.318
SD,46047,0.326
SD,46047,0.337
SD,46049,0.295
SD,46049,0.286
SD,46051,0.344
SD,46051,0.341
SD,46053,0.292
SD,46053,0.319
SD,46057,0.305
SD,46057,0.298
SD,46059,0.306
SD,46059,0.287
SD,46061,0.296
SD,46061,0.269
SD,46065,0.308
SD,46065,0.284
SD,46067,0.294
SD,46067,0.309
SD,46071,0.348
SD,46071,0.326
SD,46073,0.278
SD,46077,0.299
SD,46077,0.321
SD,46079,0.305
SD,46079,0.28
SD,46081,0.244
SD,46081,0.245
SD,46083,0.277
SD,46083,0.276
SD,46085,0.355
SD,46085,0.347
SD,46091,0.289
SD,46091,0.296
SD,46087,0.29
SD,46087,0.278
SD,46089,0.268
SD,46093,0.281
SD,46093,0.28
SD,46095,0.376
SD,46095,0.344
SD,46097,0.313
SD,46097,0.321
SD,46099,0.291
SD,46099,0.274
SD,46101,0.347
SD,46101,0.337
SD,46103,0.271
SD,46103,0.276
SD,46105,0.308
SD,46105,0.322
SD,46107,0.284
SD,46107,0.293
SD,46109,0.367
SD,46109,0.349
SD,46111,0.345
SD,46111,0.34
SD,46113,0.416
SD,46113,0.425
SD,46115,0.344
SD,46115,0.322
SD,46117,0.323
SD,46117,0.325
SD,46121,0.421
SD,46121,0.403
SD,46123,0.343
SD,46123,0.329
SD,46125,0.322
SD,46125,0.314
SD,46127,0.301
SD,46127,0.291
SD,46129,0.326
SD,46129,0.307
SD,46135,0.292
SD,46135,0.288
SD,46137,0.447
SD,46137,0.444
TN,47001,0.309
TN,47001,0.326
TN,47003,0.36
TN,47003,0.351
TN,47005,0.34
TN,47005,0.333
TN,47007,0.318
TN,47007,0.338
TN,47009,0.319
TN,47009,0.334
TN,47011,0.299
TN,47011,0.318
TN,47013,0.334
TN,47013,0.328
TN,47015,0.323
TN,47015,0.307
TN,47017,0.353
TN,47017,0.319
TN,47019,0.3
TN,47019,0.287
TN,47021,0.297
TN,47021,0.301
TN,47023,0.359
TN,47023,0.317
TN,47025,0.317
TN,47025,0.345
TN,47027,0.31
TN,47027,0.316
TN,47029,0.334
TN,47029,0.314
TN,47031,0.345
TN,47031,0.356
TN,47033,0.346
TN,47033,0.358
TN,47035,0.286
TN,47035,0.265
TN,47037,0.303
TN,47037,0.308
TN,47041,0.319
TN,47041,0.32
TN,47039,0.333
TN,47039,0.346
TN,47043,0.32
TN,47043,0.349
TN,47045,0.336
TN,47045,0.333
TN,47047,0.369
TN,47047,0.351
TN,47049,0.349
TN,47049,0.375
TN,47051,0.315
TN,47051,0.304
TN,47053,0.371
TN,47053,0.34
TN,47055,0.361
TN,47055,0.351
TN,47057,0.3
TN,47057,0.314
TN,47059,0.354
TN,47059,0.316
TN,47061,0.306
TN,47061,0.279
TN,47063,0.312
TN,47063,0.298
TN,47065,0.306
TN,47065,0.291
TN,47067,0.303
TN,47067,0.298
TN,47069,0.369
TN,47069,0.36
TN,47071,0.328
TN,47071,0.34
TN,47073,0.345
TN,47073,0.345
TN,47075,0.387
TN,47075,0.41
TN,47077,0.364
TN,47077,0.351
TN,47079,0.352
TN,47079,0.365
TN,47081,0.337
TN,47081,0.344
TN,47083,0.324
TN,47083,0.339
TN,47085,0.316
TN,47085,0.346
TN,47087,0.307
TN,47087,0.306
TN,47089,0.284
TN,47089,0.279
TN,47091,0.312
TN,47091,0.313
TN,47093,0.295
TN,47093,0.287
TN,47095,0.329
TN,47095,0.354
TN,47097,0.37
TN,47097,0.39
TN,47099,0.312
TN,47099,0.313
TN,47101,0.324
TN,47101,0.313
TN,47103,0.317
TN,47103,0.308
TN,47105,0.295
TN,47105,0.28
TN,47111,0.336
TN,47111,0.324
TN,47113,0.361
TN,47113,0.373
TN,47115,0.299
TN,47115,0.283
TN,47117,0.299
TN,47117,0.299
TN,47119,0.353
TN,47119,0.351
TN,47107,0.335
TN,47107,0.338
TN,47109,0.354
TN,47109,0.359
TN,47121,0.327
TN,47121,0.303
TN,47123,0.354
TN,47123,0.349
TN,47125,0.321
TN,47125,0.305
TN,47127,0.324
TN,47127,0.335
TN,47129,0.315
TN,47129,0.31
TN,47131,0.321
TN,47131,0.329
TN,47133,0.314
TN,47133,0.316
TN,47135,0.293
TN,47135,0.3
TN,47137,0.313
TN,47137,0.32
TN,47139,0.315
TN,47139,0.325
TN,47141,0.325
TN,47141,0.349
TN,47143,0.372
TN,47143,0.365
TN,47145,0.326
TN,47145,0.34
TN,47147,0.329
TN,47147,0.339
TN,47149,0.313
TN,47149,0.317
TN,47151,0.299
TN,47151,0.296
TN,47153,0.348
TN,47153,0.34
TN,47155,0.309
TN,47155,0.302
TN,47157,0.346
TN,47157,0.35
TN,47159,0.33
TN,47159,0.332
TN,47161,0.313
TN,47161,0.29
TN,47163,0.33
TN,47163,0.331
TN,47165,0.294
TN,47165,0.297
TN,47167,0.346
TN,47167,0.329
TN,47169,0.325
TN,47169,0.338
TN,47171,0.314
TN,47171,0.304
TN,47173,0.34
TN,47173,0.33
TN,47175,0.335
TN,47175,0.316
TN,47177,0.341
TN,47177,0.322
TN,47179,0.293
TN,47179,0.309
TN,47181,0.315
TN,47181,0.337
TN,47183,0.295
TN,47183,0.304
TN,47185,0.303
TN,47185,0.311
TN,47187,0.259
TN,47187,0.27
TN,47189,0.335
TN,47189,0.317
TX,48001,0.34
TX,48001,0.356
TX,48003,0.303
TX,48003,0.295
TX,48005,0.318
TX,48005,0.297
TX,48007,0.278
TX,48007,0.282
TX,48009,0.295
TX,48009,0.296
TX,48011,0.275
TX,48013,0.308
TX,48013,0.288
TX,48015,0.308
TX,48015,0.278
TX,48017,0.289
TX,48017,0.288
TX,48019,0.29
TX,48019,0.287
TX,48021,0.312
TX,48021,0.31
TX,48023,0.273
TX,48023,0.275
TX,48025,0.3
TX,48025,0.304
TX,48027,0.291
TX,48027,0.296
TX,48029,0.293
TX,48029,0.301
TX,48031,0.294
TX,48031,0.301
TX,48035,0.283
TX,48035,0.293
TX,48037,0.315
TX,48037,0.344
TX,48039,0.29
TX,48039,0.3
TX,48041,0.283
TX,48041,0.276
TX,48043,0.27
TX,48043,0.269
TX,48047,0.29
TX,48047,0.291
TX,48049,0.323
TX,48049,0.311
TX,48051,0.319
TX,48051,0.299
TX,48053,0.277
TX,48053,0.287
TX,48055,0.32
TX,48055,0.308
TX,48057,0.284
TX,48057,0.295
TX,48059,0.296
TX,48059,0.29
TX,48061,0.27
TX,48061,0.277
TX,48063,0.317
TX,48063,0.326
TX,48065,0.3
TX,48065,0.289
TX,48067,0.294
TX,48067,0.288
TX,48069,0.296
TX,48069,0.301
TX,48071,0.302
TX,48071,0.314
TX,48073,0.336
TX,48073,0.319
TX,48075,0.292
TX,48075,0.296
TX,48077,0.293
TX,48077,0.296
TX,48079,0.303
TX,48079,0.298
TX,48081,0.302
TX,48081,0.312
TX,48083,0.273
TX,48083,0.287
TX,48085,0.245
TX,48085,0.257
TX,48087,0.301
TX,48087,0.309
TX,48089,0.288
TX,48089,0.301
TX,48091,0.291
TX,48091,0.291
TX,48093,0.288
TX,48093,0.292
TX,48095,0.314
TX,48095,0.311
TX,48097,0.316
TX,48097,0.308
TX,48099,0.295
TX,48099,0.313
TX,48103,0.296
TX,48103,0.292
TX,48105,0.305
TX,48105,0.3
TX,48107,0.28
TX,48107,0.29
TX,48111,0.284
TX,48111,0.308
TX,48113,0.303
TX,48113,0.292
TX,48115,0.299
TX,48115,0.309
TX,48123,0.281
TX,48123,0.292
TX,48117,0.317
TX,48117,0.321
TX,48119,0.299
TX,48119,0.293
TX,48121,0.295
TX,48121,0.266
TX,48125,0.286
TX,48127,0.306
TX,48127,0.305
TX,48129,0.313
TX,48129,0.302
TX,48131,0.301
TX,48131,0.299
TX,48133,0.324
TX,48133,0.317
TX,48135,0.32
TX,48135,0.315
TX,48137,0.288
TX,48137,0.291
TX,48141,0.234
TX,48141,0.254
TX,48139,0.291
TX,48139,0.28
TX,48143,0.281
TX,48143,0.295
TX,48145,0.31
TX,48145,0.316
TX,48147,0.321
TX,48147,0.323
TX,48149,0.278
TX,48149,0.287
TX,48151,0.307
TX,48151,0.301
TX,48153,0.289
TX,48153,0.291
TX,48155,0.285
TX,48157,0.252
TX,48157,0.25
TX,48159,0.283
TX,48159,0.289
TX,48161,0.315
TX,48161,0.308
TX,48163,0.297
TX,48163,0.304
TX,48165,0.318
TX,48165,0.315
TX,48167,0.293
TX,48167,0.289
TX,48169,0.329
TX,48169,0.31
TX,48171,0.295
TX,48171,0.314
TX,48175,0.304
TX,48175,0.3
TX,48177,0.322
TX,48177,0.328
TX,48179,0.304
TX,48179,0.277
TX,48181,0.27
TX,48181,0.281
TX,48183,0.324
TX,48183,0.337
TX,48185,0.346
TX,48185,0.348
TX,48187,0.299
TX,48187,0.315
TX,48189,0.282
TX,48189,0.29
TX,48191,0.287
TX,48191,0.297
TX,48193,0.291
TX,48193,0.318
TX,48195,0.284
TX,48195,0.287
TX,48197,0.303
TX,48197,0.302
TX,48199,0.316
TX,48199,0.339
TX,48201,0.285
TX,48201,0.282
TX,48203,0.332
TX,48203,0.315
TX,48205,0.315
TX,48205,0.304
TX,48207,0.284
TX,48207,0.295
TX,48209,0.303
TX,48209,0.273
TX,48211,0.303
TX,48211,0.308
TX,48213,0.276
TX,48213,0.273
TX,48215,0.311
TX,48215,0.34
TX,48217,0.335
TX,48217,0.332
TX,48219,0.291
TX,48219,0.287
TX,48221,0.286
TX,48221,0.26
TX,48223,0.325
TX,48223,0.305
TX,48225,0.298
TX,48225,0.316
TX,48227,0.323
TX,48227,0.312
TX,48229,0.287
TX,48229,0.288
TX,48231,0.324
TX,48231,0.302
TX,48233,0.327
TX,48233,0.332
TX,48237,0.285
TX,48237,0.289
TX,48239,0.317
TX,48239,0.313
TX,48241,0.303
TX,48241,0.31
TX,48243,0.261
TX,48243,0.259
TX,48245,0.355
TX,48245,0.35
TX,48247,0.295
TX,48247,0.295
TX,48249,0.302
TX,48249,0.3
TX,48251,0.326
TX,48251,0.327
TX,48253,0.311
TX,48253,0.303
TX,48255,0.285
TX,48255,0.279
TX,48257,0.372
TX,48257,0.332
TX,48259,0.242
TX,48259,0.261
TX,48265,0.278
TX,48265,0.264
TX,48267,0.277
TX,48267,0.287
TX,48271,0.294
TX,48271,0.295
TX,48273,0.301
TX,48273,0.313
TX,48275,0.278
TX,48275,0.285
TX,48283,0.289
TX,48283,0.299
TX,48277,0.276
TX,48277,0.308
TX,48279,0.298
TX,48279,0.295
TX,48281,0.29
TX,48281,0.289
TX,48285,0.292
TX,48285,0.318
TX,48287,0.329
TX,48287,0.318
TX,48289,0.294
TX,48289,0.297
TX,48291,0.319
TX,48291,0.32
TX,48293,0.297
TX,48293,0.318
TX,48295,0.296
TX,48295,0.308
TX,48297,0.295
TX,48297,0.299
TX,48299,0.252
TX,48299,0.263
TX,48303,0.282
TX,48303,0.277
TX,48305,0.303
TX,48305,0.296
TX,48313,0.313
TX,48313,0.306
TX,48315,0.317
TX,48315,0.335
TX,48317,0.297
TX,48317,0.303
TX,48319,0.274
TX,48319,0.278
TX,48321,0.302
TX,48321,0.314
TX,48323,0.303
TX,48323,0.304
TX,48307,0.294
TX,48307,0.302
TX,48309,0.304
TX,48309,0.286
TX,48325,0.282
TX,48325,0.288
TX,48327,0.291
TX,48327,0.29
TX,48329,0.281
TX,48329,0.284
TX,48331,0.312
TX,48331,0.321
TX,48333,0.304
TX,48333,0.293
TX,48335,0.292
TX,48335,0.28
TX,48337,0.283
TX,48337,0.27
TX,48339,0.289
TX,48339,0.279
TX,48341,0.315
TX,48341,0.302
TX,48343,0.319
TX,48343,0.335
TX,48347,0.298
TX,48347,0.301
TX,48349,0.337
TX,48349,0.342
TX,48351,0.323
TX,48351,0.308
TX,48353,0.292
TX,48353,0.302
TX,48355,0.294
TX,48355,0.306
TX,48357,0.296
TX,48357,0.314
TX,48359,0.308
TX,48361,0.329
TX,48361,0.322
TX,48363,0.281
TX,48363,0.289
TX,48365,0.31
TX,48365,0.32
TX,48367,0.312
TX,48367,0.337
TX,48369,0.318
TX,48369,0.313
TX,48371,0.295
TX,48371,0.298
TX,48373,0.342
TX,48373,0.336
TX,48375,0.342
TX,48375,0.329
TX,48377,0.252
TX,48377,0.245
TX,48379,0.293
TX,48379,0.288
TX,48381,0.259
TX,48381,0.256
TX,48383,0.295
TX,48383,0.302
TX,48385,0.289
TX,48385,0.283
TX,48387,0.315
TX,48387,0.315
TX,48389,0.309
TX,48389,0.302
TX,48391,0.299
TX,48391,0.296
TX,48395,0.314
TX,48395,0.322
TX,48397,0.277
TX,48397,0.258
TX,48399,0.326
TX,48399,0.295
TX,48401,0.352
TX,48401,0.37
TX,48403,0.32
TX,48403,0.313
TX,48405,0.291
TX,48405,0.303
TX,48407,0.304
TX,48407,0.304
TX,48409,0.292
TX,48409,0.288
TX,48411,0.299
TX,48411,0.299
TX,48413,0.298
TX,48413,0.302
TX,48415,0.295
TX,48415,0.288
TX,48417,0.314
TX,48417,0.33
TX,48419,0.336
TX,48419,0.328
TX,48421,0.3
TX,48423,0.282
TX,48423,0.273
TX,48425,0.284
TX,48425,0.284
TX,48427,0.293
TX,48427,0.307
TX,48429,0.293
TX,48429,0.301
TX,48435,0.29
TX,48435,0.297
TX,48437,0.282
TX,48437,0.285
TX,48439,0.279
TX,48439,0.286
TX,48441,0.282
TX,48441,0.282
TX,48445,0.319
TX,48445,0.338
TX,48449,0.305
TX,48449,0.295
TX,48451,0.283
TX,48451,0.277
TX,48453,0.237
TX,48453,0.214
TX,48455,0.315
TX,48455,0.324
TX,48457,0.298
TX,48457,0.308
TX,48459,0.31
TX,48459,0.333
TX,48461,0.298
TX,48461,0.306
TX,48463,0.295
TX,48463,0.296
TX,48465,0.277
TX,48465,0.28
TX,48467,0.325
TX,48467,0.34
TX,48469,0.298
TX,48469,0.332
TX,48471,0.326
TX,48471,0.304
TX,48473,0.323
TX,48473,0.308
TX,48475,0.3
TX,48475,0.301
TX,48477,0.286
TX,48477,0.284
TX,48479,0.307
TX,48479,0.312
TX,48481,0.292
TX,48481,0.313
TX,48483,0.296
TX,48483,0.289
TX,48485,0.329
TX,48485,0.321
TX,48487,0.292
TX,48487,0.287
TX,48489,0.285
TX,48489,0.295
TX,48491,0.271
TX,48491,0.278
TX,48493,0.276
TX,48493,0.282
TX,48495,0.318
TX,48495,0.313
TX,48497,0.294
TX,48497,0.298
TX,48499,0.29
TX,48499,0.304
TX,48501,0.298
TX,48501,0.299
TX,48503,0.278
TX,48503,0.272
TX,48505,0.305
TX,48505,0.312
TX,48507,0.29
TX,48507,0.284
UT,49001,0.283
UT,49001,0.292
UT,49003,0.283
UT,49003,0.311
UT,49005,0.235
UT,49005,0.224
UT,49007,0.261
UT,49007,0.277
UT,49011,0.247
UT,49011,0.249
UT,49013,0.266
UT,49013,0.269
UT,49015,0.276
UT,49015,0.261
UT,49017,0.261
UT,49017,0.279
UT,49019,0.206
UT,49019,0.204
UT,49021,0.256
UT,49021,0.246
UT,49023,0.297
UT,49023,0.306
UT,49025,0.231
UT,49025,0.226
UT,49027,0.297
UT,49027,0.284
UT,49029,0.229
UT,49029,0.224
UT,49031,0.242
UT,49031,0.247
UT,49035,0.246
UT,49035,0.248
UT,49037,0.285
UT,49037,0.251
UT,49039,0.253
UT,49039,0.242
UT,49041,0.292
UT,49041,0.302
UT,49043,0.153
UT,49043,0.146
UT,49045,0.303
UT,49045,0.292
UT,49047,0.298
UT,49047,0.285
UT,49049,0.235
UT,49049,0.238
UT,49051,0.232
UT,49051,0.228
UT,49053,0.238
UT,49053,0.226
UT,49055,0.249
UT,49055,0.225
UT,49057,0.273
UT,49057,0.281
VA,51001,0.355
VA,51001,0.35
VA,51003,0.27
VA,51003,0.256
VA,51510,0.195
VA,51510,0.204
VA,51005,0.26
VA,51005,0.264
VA,51007,0.327
VA,51007,0.343
VA,51009,0.309
VA,51009,0.303
VA,51011,0.304
VA,51011,0.311
VA,51013,0.193
VA,51013,0.175
VA,51015,0.276
VA,51015,0.283
VA,51017,0.278
VA,51017,0.296
VA,51019,0.258
VA,51019,0.269
VA,51515,0.301
VA,51515,0.342
VA,51021,0.282
VA,51021,0.309
VA,51023,0.272
VA,51023,0.274
VA,51520,0.293
VA,51520,0.295
VA,51025,0.349
VA,51025,0.336
VA,51027,0.294
VA,51027,0.288
VA,51029,0.309
VA,51029,0.324
VA,51530,0.291
VA,51530,0.29
VA,51031,0.317
VA,51031,0.306
VA,51033,0.299
VA,51033,0.3
VA,51035,0.31
VA,51035,0.303
VA,51036,0.356
VA,51036,0.355
VA,51037,0.317
VA,51037,0.311
VA,51540,0.282
VA,51540,0.271
VA,51550,0.285
VA,51550,0.298
VA,51041,0.284
VA,51041,0.272
VA,51043,0.298
VA,51043,0.301
VA,51570,0.273
VA,51570,0.264
VA,51580,0.291
VA,51580,0.294
VA,51045,0.3
VA,51045,0.322
VA,51047,0.33
VA,51047,0.318
VA,51049,0.322
VA,51049,0.329
VA,51590,0.332
VA,51590,0.351
VA,51051,0.288
VA,51051,0.287
VA,51053,0.324
VA,51053,0.342
VA,51595,0.336
VA,51595,0.334
VA,51057,0.293
VA,51057,0.29
VA,51059,0.222
VA,51059,0.195
VA,51600,0.251
VA,51600,0.242
VA,51610,0.267
VA,51610,0.254
VA,51061,0.279
VA,51061,0.255
VA,51063,0.278
VA,51063,0.294
VA,51065,0.301
VA,51065,0.282
VA,51067,0.29
VA,51067,0.288
VA,51620,0.34
VA,51620,0.344
VA,51069,0.293
VA,51069,0.307
VA,51630,0.323
VA,51630,0.299
VA,51640,0.299
VA,51640,0.298
VA,51071,0.325
VA,51071,0.344
VA,51073,0.31
VA,51073,0.333
VA,51075,0.26
VA,51075,0.255
VA,51077,0.318
VA,51077,0.321
VA,51079,0.299
VA,51079,0.288
VA,51081,0.34
VA,51081,0.331
VA,51083,0.326
VA,51083,0.35
VA,51650,0.365
VA,51650,0.331
VA,51085,0.266
VA,51085,0.247
VA,51660,0.31
VA,51660,0.298
VA,51087,0.279
VA,51087,0.281
VA,51089,0.303
VA,51089,0.308
VA,51670,0.341
VA,51670,0.346
VA,51093,0.317
VA,51093,0.299
VA,51095,0.265
VA,51095,0.245
VA,51099,0.289
VA,51099,0.288
VA,51101,0.32
VA,51101,0.32
VA,51097,0.339
VA,51097,0.331
VA,51103,0.317
VA,51103,0.297
VA,51105,0.33
VA,51105,0.285
VA,51678,0.288
VA,51678,0.292
VA,51107,0.225
VA,51107,0.223
VA,51109,0.34
VA,51109,0.34
VA,51111,0.338
VA,51111,0.301
VA,51680,0.331
VA,51680,0.29
VA,51113,0.33
VA,51113,0.322
VA,51685,0.305
VA,51685,0.306
VA,51683,0.296
VA,51683,0.295
VA,51690,0.323
VA,51690,0.321
VA,51115,0.274
VA,51115,0.275
VA,51117,0.328
VA,51117,0.335
VA,51119,0.285
VA,51119,0.26
VA,51121,0.27
VA,51121,0.261
VA,51125,0.254
VA,51125,0.279
VA,51127,0.3
VA,51127,0.319
VA,51700,0.339
VA,51700,0.354
VA,51710,0.352
VA,51710,0.346
VA,51131,0.298
VA,51131,0.305
VA,51133,0.296
VA,51133,0.266
VA,51720,0.283
VA,51720,0.291
VA,51135,0.361
VA,51135,0.341
VA,51137,0.326
VA,51137,0.328
VA,51139,0.309
VA,51139,0.306
VA,51141,0.292
VA,51141,0.296
VA,51730,0.378
VA,51730,0.361
VA,51143,0.309
VA,51143,0.332
VA,51735,0.295
VA,51735,0.283
VA,51740,0.401
VA,51740,0.415
VA,51145,0.292
VA,51145,0.306
VA,51147,0.338
VA,51147,0.33
VA,51149,0.36
VA,51149,0.359
VA,51153,0.282
VA,51153,0.267
VA,51155,0.274
VA,51155,0.315
VA,51750,0.284
VA,51750,0.298
VA,51157,0.264
VA,51157,0.256
VA,51159,0.312
VA,51159,0.31
VA,51760,0.279
VA,51760,0.291
VA,51161,0.266
VA,51161,0.282
VA,51770,0.356
VA,51770,0.362
VA,51163,0.279
VA,51163,0.266
VA,51165,0.298
VA,51165,0.284
VA,51167,0.32
VA,51167,0.354
VA,51775,0.283
VA,51775,0.272
VA,51169,0.297
VA,51169,0.335
VA,51171,0.3
VA,51171,0.267
VA,51173,0.314
VA,51173,0.305
VA,51175,0.314
VA,51175,0.335
VA,51177,0.298
VA,51177,0.318
VA,51179,0.317
VA,51179,0.352
VA,51790,0.289
VA,51790,0.294
VA,51800,0.324
VA,51800,0.312
VA,51181,0.33
VA,51181,0.328
VA,51183,0.373
VA,51183,0.345
VA,51185,0.308
VA,51185,0.302
VA,51810,0.275
VA,51810,0.276
VA,51187,0.26
VA,51187,0.273
VA,51191,0.294
VA,51191,0.317
VA,51820,0.294
VA,51820,0.304
VA,51193,0.29
VA,51193,0.291
VA,51830,0.286
VA,51830,0.27
VA,51840,0.297
VA,51840,0.286
VA,51195,0.336
VA,51195,0.319
VA,51197,0.288
VA,51197,0.301
VA,51199,0.282
VA,51199,0.283
VT,50001,0.229
VT,50001,0.228
VT,50003,0.247
VT,50003,0.243
VT,50005,0.282
VT,50005,0.279
VT,50007,0.208
VT,50007,0.21
VT,50009,0.284
VT,50009,0.274
VT,50011,0.292
VT,50011,0.29
VT,50013,0.277
VT,50013,0.268
VT,50015,0.256
VT,50015,0.258
VT,50017,0.281
VT,50017,0.275
VT,50019,0.298
VT,50019,0.299
VT,50021,0.282
VT,50021,0.285
VT,50023,0.218
VT,50023,0.225
VT,50025,0.235
VT,50025,0.225
VT,50027,0.24
VT,50027,0.227
WA,53001,0.373
WA,53001,0.36
WA,53003,0.291
WA,53003,0.286
WA,53005,0.324
WA,53005,0.32
WA,53007,0.268
WA,53007,0.258
WA,53009,0.274
WA,53009,0.281
WA,53011,0.291
WA,53011,0.294
WA,53013,0.324
WA,53013,0.321
WA,53015,0.367
WA,53015,0.346
WA,53017,0.288
WA,53017,0.264
WA,53019,0.275
WA,53019,0.258
WA,53021,0.322
WA,53021,0.31
WA,53023,0.337
WA,53023,0.33
WA,53025,0.328
WA,53025,0.334
WA,53027,0.327
WA,53027,0.346
WA,53029,0.262
WA,53029,0.28
WA,53031,0.251
WA,53031,0.253
WA,53033,0.225
WA,53033,0.222
WA,53035,0.297
WA,53035,0.303
WA,53037,0.27
WA,53037,0.271
WA,53039,0.278
WA,53039,0.258
WA,53041,0.324
WA,53041,0.315
WA,53043,0.317
WA,53043,0.309
WA,53045,0.322
WA,53045,0.322
WA,53047,0.294
WA,53047,0.292
WA,53049,0.35
WA,53049,0.345
WA,53051,0.296
WA,53051,0.282
WA,53053,0.314
WA,53053,0.314
WA,53055,0.185
WA,53055,0.175
WA,53057,0.278
WA,53057,0.277
WA,53059,0.318
WA,53059,0.31
WA,53061,0.291
WA,53061,0.281
WA,53063,0.28
WA,53063,0.282
WA,53065,0.278
WA,53065,0.288
WA,53067,0.286
WA,53067,0.292
WA,53069,0.308
WA,53069,0.318
WA,53071,0.276
WA,53071,0.271
WA,53073,0.253
WA,53073,0.251
WA,53075,0.278
WA,53075,0.261
WA,53077,0.319
WA,53077,0.313
WI,55001,0.302
WI,55001,0.284
WI,55003,0.305
WI,55003,0.28
WI,55005,0.328
WI,55005,0.328
WI,55007,0.289
WI,55007,0.273
WI,55009,0.293
WI,55009,0.273
WI,55011,0.334
WI,55011,0.302
WI,55013,0.305
WI,55013,0.28
WI,55015,0.31
WI,55015,0.291
WI,55017,0.297
WI,55017,0.314
WI,55019,0.294
WI,55019,0.324
WI,55021,0.333
WI,55021,0.348
WI,55023,0.291
WI,55023,0.279
WI,55025,0.248
WI,55025,0.215
WI,55027,0.335
WI,55027,0.296
WI,55029,0.309
WI,55029,0.298
WI,55031,0.297
WI,55031,0.285
WI,55033,0.287
WI,55033,0.289
WI,55035,0.288
WI,55035,0.312
WI,55037,0.304
WI,55037,0.306
WI,55039,0.31
WI,55039,0.293
WI,55041,0.3
WI,55041,0.313
WI,55043,0.266
WI,55043,0.273
WI,55045,0.283
WI,55045,0.288
WI,55047,0.296
WI,55047,0.288
WI,55049,0.282
WI,55049,0.284
WI,55051,0.293
WI,55051,0.283
WI,55053,0.314
WI,55053,0.305
WI,55055,0.327
WI,55055,0.304
WI,55057,0.295
WI,55057,0.319
WI,55059,0.313
WI,55059,0.313
WI,55061,0.315
WI,55061,0.313
WI,55063,0.241
WI,55063,0.225
WI,55065,0.303
WI,55065,0.307
WI,55067,0.294
WI,55067,0.273
WI,55069,0.291
WI,55069,0.308
WI,55071,0.319
WI,55071,0.296
WI,55073,0.284
WI,55073,0.278
WI,55075,0.296
WI,55075,0.33
WI,55077,0.295
WI,55077,0.301
WI,55078,0.403
WI,55078,0.392
WI,55079,0.313
WI,55079,0.312
WI,55081,0.289
WI,55081,0.304
WI,55083,0.294
WI,55083,0.304
WI,55085,0.274
WI,55085,0.301
WI,55087,0.306
WI,55087,0.299
WI,55089,0.258
WI,55089,0.253
WI,55091,0.279
WI,55091,0.312
WI,55093,0.281
WI,55093,0.276
WI,55095,0.32
WI,55095,0.325
WI,55097,0.288
WI,55097,0.303
WI,55099,0.286
WI,55099,0.278
WI,55101,0.308
WI,55101,0.318
WI,55103,0.316
WI,55103,0.315
WI,55105,0.304
WI,55105,0.336
WI,55107,0.301
WI,55107,0.315
WI,55111,0.288
WI,55111,0.303
WI,55113,0.267
WI,55113,0.288
WI,55115,0.314
WI,55115,0.349
WI,55117,0.267
WI,55117,0.25
WI,55109,0.305
WI,55109,0.286
WI,55119,0.292
WI,55119,0.317
WI,55121,0.331
WI,55121,0.304
WI,55123,0.282
WI,55123,0.299
WI,55125,0.28
WI,55125,0.292
WI,55127,0.26
WI,55127,0.25
WI,55129,0.306
WI,55129,0.299
WI,55131,0.273
WI,55131,0.288
WI,55133,0.249
WI,55133,0.27
WI,55135,0.302
WI,55135,0.278
WI,55137,0.296
WI,55137,0.286
WI,55139,0.297
WI,55139,0.289
WI,55141,0.275
WI,55141,0.292
WV,54001,0.319
WV,54001,0.342
WV,54003,0.333
WV,54003,0.342
WV,54005,0.335
WV,54005,0.342
WV,54007,0.34
WV,54007,0.322
WV,54009,0.344
WV,54009,0.34
WV,54011,0.339
WV,54011,0.342
WV,54013,0.359
WV,54013,0.351
WV,54015,0.383
WV,54015,0.382
WV,54017,0.351
WV,54017,0.33
WV,54019,0.334
WV,54019,0.34
WV,54021,0.356
WV,54021,0.37
WV,54023,0.334
WV,54023,0.361
WV,54025,0.302
WV,54025,0.309
WV,54027,0.342
WV,54027,0.337
WV,54029,0.326
WV,54029,0.347
WV,54031,0.32
WV,54031,0.306
WV,54033,0.32
WV,54033,0.329
WV,54035,0.348
WV,54035,0.327
WV,54037,0.335
WV,54037,0.314
WV,54039,0.315
WV,54039,0.306
WV,54041,0.318
WV,54041,0.353
WV,54043,0.38
WV,54043,0.368
WV,54045,0.412
WV,54045,0.404
WV,54049,0.338
WV,54049,0.326
WV,54051,0.317
WV,54051,0.305
WV,54053,0.374
WV,54053,0.373
WV,54047,0.367
WV,54047,0.375
WV,54055,0.339
WV,54055,0.351
WV,54057,0.342
WV,54057,0.349
WV,54059,0.349
WV,54059,0.385
WV,54061,0.282
WV,54061,0.271
WV,54063,0.311
WV,54063,0.313
WV,54065,0.323
WV,54065,0.34
WV,54067,0.336
WV,54067,0.341
WV,54069,0.273
WV,54069,0.282
WV,54071,0.348
WV,54071,0.359
WV,54073,0.31
WV,54073,0.375
WV,54075,0.306
WV,54075,0.306
WV,54077,0.355
WV,54077,0.359
WV,54079,0.294
WV,54079,0.293
WV,54081,0.334
WV,54081,0.348
WV,54083,0.326
WV,54083,0.346
WV,54085,0.326
WV,54085,0.348
WV,54087,0.364
WV,54087,0.356
WV,54089,0.357
WV,54089,0.38
WV,54091,0.328
WV,54091,0.361
WV,54093,0.301
WV,54093,0.335
WV,54095,0.34
WV,54095,0.359
WV,54097,0.315
WV,54097,0.341
WV,54099,0.355
WV,54099,0.365
WV,54101,0.356
WV,54101,0.322
WV,54103,0.354
WV,54103,0.325
WV,54105,0.384
WV,54105,0.383
WV,54107,0.317
WV,54107,0.335
WV,54109,0.37
WV,54109,0.348
WY,56001,0.218
WY,56001,0.209
WY,56003,0.273
WY,56003,0.285
WY,56005,0.327
WY,56005,0.336
WY,56007,0.275
WY,56007,0.266
WY,56009,0.297
WY,56009,0.288
WY,56011,0.24
WY,56011,0.25
WY,56013,0.256
WY,56013,0.25
WY,56015,0.265
WY,56015,0.287
WY,56017,0.251
WY,56017,0.25
WY,56019,0.24
WY,56019,0.234
WY,56021,0.258
WY,56021,0.269
WY,56023,0.23
WY,56023,0.231
WY,56025,0.272
WY,56025,0.271
WY,56027,0.238
WY,56027,0.256
WY,56029,0.212
WY,56029,0.222
WY,56031,0.257
WY,56031,0.275
WY,56033,0.255
WY,56033,0.239
WY,56035,0.231
WY,56035,0.211
WY,56037,0.274
WY,56037,0.287
WY,56039,0.131
WY,56039,0.132
WY,56041,0.298
WY,56041,0.293
WY,56043,0.241
WY,56043,0.242
WY,56045,0.313
WY,56045,0.288
